# tau_us,P_x
0.000000000000000000e+00,1.000000000000000000e+00
5.000000000000000104e-03,9.999999999669622053e-01
1.000000000000000021e-02,9.999999984970828759e-01
1.499999999999999944e-02,9.999999908869909859e-01
2.000000000000000042e-02,9.999999825768026707e-01
2.500000000000000139e-02,9.999999920158515465e-01
2.999999999999999889e-02,9.999999865442656954e-01
3.500000000000000333e-02,9.999998502345783802e-01
4.000000000000000083e-02,9.999995588976360317e-01
4.499999999999999833e-02,9.999993775218032344e-01
5.000000000000000278e-02,9.999995869823969930e-01
5.500000000000000028e-02,9.999998420395944665e-01
5.999999999999999778e-02,9.999992150066326912e-01
6.500000000000000222e-02,9.999974687157910935e-01
7.000000000000000666e-02,9.999960380386583303e-01
7.499999999999999722e-02,9.999966175304737526e-01
8.000000000000000167e-02,9.999983034448194363e-01
8.500000000000000611e-02,9.999974929961621406e-01
8.999999999999999667e-02,9.999923662425460602e-01
9.500000000000000111e-02,9.999868296343673579e-01
1.000000000000000056e-01,9.999869774001823863e-01
1.049999999999999961e-01,9.999921712682486863e-01
1.100000000000000006e-01,9.999927996603569236e-01
1.150000000000000050e-01,9.999815090962775876e-01
1.199999999999999956e-01,9.999659289198573608e-01
1.250000000000000000e-01,9.999631632375149959e-01
1.300000000000000044e-01,9.999768025818948081e-01
1.350000000000000089e-01,9.999851891230273626e-01
1.400000000000000133e-01,9.999641029927006652e-01
1.449999999999999900e-01,9.999230692030047773e-01
1.499999999999999944e-01,9.999050138830657408e-01
1.549999999999999989e-01,9.999348920732153978e-01
1.600000000000000033e-01,9.999745315478236751e-01
1.650000000000000078e-01,9.999537250183639925e-01
1.700000000000000122e-01,9.998607414522150405e-01
1.750000000000000167e-01,9.997816760338840147e-01
1.799999999999999933e-01,9.998127383586854489e-01
1.849999999999999978e-01,9.999264125960000138e-01
1.900000000000000022e-01,9.999663605060050697e-01
1.950000000000000067e-01,9.998218806321024221e-01
2.000000000000000111e-01,9.995962593749674330e-01
2.050000000000000155e-01,9.995327517603673773e-01
2.099999999999999922e-01,9.997253261937999458e-01
2.149999999999999967e-01,9.999458047394496063e-01
2.200000000000000011e-01,9.998569274379760508e-01
2.250000000000000056e-01,9.994330313010768574e-01
2.300000000000000100e-01,9.990787109473500127e-01
2.350000000000000144e-01,9.992048171468375095e-01
2.399999999999999911e-01,9.996862055528472624e-01
2.449999999999999956e-01,9.998912973748814714e-01
2.500000000000000000e-01,9.993870685992071179e-01
2.550000000000000044e-01,9.985535197793354856e-01
2.600000000000000089e-01,9.982725810907031594e-01
2.650000000000000133e-01,9.988850020093755777e-01
2.700000000000000178e-01,9.996224456697728744e-01
2.750000000000000222e-01,9.993656858344216465e-01
2.800000000000000266e-01,9.980337586061718280e-01
2.850000000000000311e-01,9.969166937073519197e-01
2.899999999999999800e-01,9.972625614272840888e-01
2.949999999999999845e-01,9.986080699277496420e-01
2.999999999999999889e-01,9.990124032804281740e-01
3.049999999999999933e-01,9.973029052546807938e-01
3.099999999999999978e-01,9.948355382882074771e-01
3.150000000000000022e-01,9.942700618704563009e-01
3.200000000000000067e-01,9.962330588530707853e-01
3.250000000000000111e-01,9.979146047085836191e-01
3.300000000000000155e-01,9.959672818033140640e-01
3.350000000000000200e-01,9.909402415764038130e-01
3.400000000000000244e-01,9.877637003264881921e-01
3.450000000000000289e-01,9.902156096774600291e-01
3.500000000000000333e-01,9.950955361385815934e-01
3.549999999999999822e-01,9.942192960044873296e-01
3.599999999999999867e-01,9.837786142786946186e-01
3.649999999999999911e-01,9.712970484675189642e-01
3.699999999999999956e-01,9.700029599581148076e-01
3.750000000000000000e-01,9.823417852594398259e-01
3.800000000000000044e-01,9.914816833407562591e-01
3.850000000000000089e-01,9.748529845884932321e-01
3.900000000000000133e-01,9.295926671487283466e-01
3.950000000000000178e-01,8.861585153577186125e-01
4.000000000000000222e-01,8.837371840370400466e-01
4.050000000000000266e-01,9.178923789805540912e-01
4.100000000000000311e-01,9.293836400098347550e-01
4.150000000000000355e-01,8.475093882618176533e-01
4.199999999999999845e-01,6.325675868176749983e-01
4.249999999999999889e-01,3.339065395471896291e-01
4.299999999999999933e-01,1.354437119206855500e-01
4.349999999999999978e-01,1.937545162850660696e-01
4.400000000000000022e-01,4.021712951256164459e-01
4.450000000000000067e-01,5.626420220983656684e-01
4.500000000000000111e-01,6.574332828658421279e-01
4.550000000000000155e-01,7.373300138618177346e-01
4.600000000000000200e-01,7.827799833407969032e-01
4.650000000000000244e-01,7.792667105686439388e-01
4.700000000000000289e-01,7.734096456775845230e-01
4.750000000000000333e-01,7.339721092030304650e-01
4.799999999999999822e-01,5.679922007825521924e-01
4.849999999999999867e-01,3.351891243454613312e-01
4.899999999999999911e-01,1.911590082813527935e-01
4.949999999999999956e-01,1.886256328020304296e-01
5.000000000000000000e-01,2.976112669447152914e-01
5.050000000000000044e-01,5.058890864246469166e-01
5.100000000000000089e-01,7.536792494835562461e-01
5.150000000000000133e-01,9.194809687148994826e-01
5.200000000000000178e-01,9.587074828278765448e-01
5.250000000000000222e-01,9.313090673109025719e-01
5.300000000000000266e-01,9.030573150559135787e-01
5.350000000000000311e-01,9.009182017419004040e-01
5.400000000000000355e-01,9.229019421455595396e-01
5.450000000000000400e-01,9.479251713077214703e-01
5.500000000000000444e-01,9.615716456571086201e-01
5.550000000000000488e-01,9.670466700870912202e-01
5.600000000000000533e-01,9.671605772264585399e-01
5.650000000000000577e-01,9.616997762164878338e-01
5.700000000000000622e-01,9.561434207937462570e-01
5.750000000000000666e-01,9.574019745223840694e-01
5.799999999999999600e-01,9.681787968207904438e-01
5.849999999999999645e-01,9.826564828002939400e-01
5.899999999999999689e-01,9.875214841095679708e-01
5.949999999999999734e-01,9.776017412568618337e-01
5.999999999999999778e-01,9.642479459699559996e-01
6.049999999999999822e-01,9.626561861828786260e-01
6.099999999999999867e-01,9.763917663404247937e-01
6.149999999999999911e-01,9.927474385508152643e-01
6.199999999999999956e-01,9.946638477588751748e-01
6.250000000000000000e-01,9.807049577141428998e-01
6.300000000000000044e-01,9.669668692847309677e-01
6.350000000000000089e-01,9.687145113518667028e-01
6.400000000000000133e-01,9.846570101704013034e-01
6.450000000000000178e-01,9.981141578921577384e-01
6.500000000000000222e-01,9.949415545754696222e-01
6.550000000000000266e-01,9.797883545647385617e-01
6.600000000000000311e-01,9.700056908709042691e-01
6.650000000000000355e-01,9.760645381331332082e-01
6.700000000000000400e-01,9.911533668172803901e-01
6.750000000000000444e-01,9.989307587052251858e-01
6.800000000000000488e-01,9.917727440103488723e-01
6.850000000000000533e-01,9.789736244926674491e-01
6.900000000000000577e-01,9.749873042432002368e-01
6.950000000000000622e-01,9.834589666328907853e-01
7.000000000000000666e-01,9.944820540937120423e-01
7.049999999999999600e-01,9.961661577060929584e-01
7.099999999999999645e-01,9.879614709514968895e-01
7.149999999999999689e-01,9.802681362952635480e-01
7.199999999999999734e-01,9.814863182045261425e-01
7.249999999999999778e-01,9.891922818004688089e-01
7.299999999999999822e-01,9.942421920748942821e-01
7.349999999999999867e-01,9.915897307848562381e-01
7.399999999999999911e-01,9.856559967007698653e-01
7.449999999999999956e-01,9.840371749012732927e-01
7.500000000000000000e-01,9.880108167992163182e-01
7.550000000000000044e-01,9.920032932362476963e-01
7.600000000000000089e-01,9.911814649264105714e-01
7.650000000000000133e-01,9.872495885167128504e-01
7.700000000000000178e-01,9.859664589231997844e-01
7.750000000000000222e-01,9.893563282722175334e-01
7.800000000000000266e-01,9.928760010835613325e-01
7.850000000000000311e-01,9.916184518034296680e-01
7.900000000000000355e-01,9.868887811617074179e-01
7.950000000000000400e-01,9.848068501418679732e-01
8.000000000000000444e-01,9.887851053062977069e-01
8.050000000000000488e-01,9.945878875075697678e-01
8.100000000000000533e-01,9.949518002933477323e-01
8.150000000000000577e-01,9.888375495825230121e-01
8.200000000000000622e-01,9.831929173066213945e-01
8.250000000000000666e-01,9.850173515576712280e-01
8.300000000000000711e-01,9.929690262836303738e-01
8.349999999999999645e-01,9.980979525660773621e-01
8.399999999999999689e-01,9.941055965466949473e-01
8.449999999999999734e-01,9.852160663588811484e-01
8.499999999999999778e-01,9.815135785448718675e-01
8.549999999999999822e-01,9.874774267795727312e-01
8.599999999999999867e-01,9.966696825305831897e-01
8.649999999999999911e-01,9.985990177745788232e-01
8.699999999999999956e-01,9.908936438211999320e-01
8.750000000000000000e-01,9.822724235034376861e-01
8.800000000000000044e-01,9.824773421663335338e-01
8.850000000000000089e-01,9.913596851193904325e-01
8.900000000000000133e-01,9.990232460571573103e-01
8.950000000000000178e-01,9.968687742436006527e-01
9.000000000000000222e-01,9.875275408829768953e-01
9.050000000000000266e-01,9.816380005919993490e-01
9.100000000000000311e-01,9.855307933287642541e-01
9.150000000000000355e-01,9.944980551181220596e-01
9.200000000000000400e-01,9.983641764896595827e-01
9.250000000000000444e-01,9.930484775015271381e-01
9.300000000000000488e-01,9.850856113813708514e-01
9.350000000000000533e-01,9.835051117236900398e-01
9.400000000000000577e-01,9.894617164187768932e-01
9.450000000000000622e-01,9.956603563360983955e-01
9.500000000000000666e-01,9.950513132174088060e-01
9.550000000000000711e-01,9.889267535293442268e-01
9.599999999999999645e-01,9.849352679899057161e-01
9.649999999999999689e-01,9.874221618412959423e-01
9.699999999999999734e-01,9.926205229364533089e-01
9.749999999999999778e-01,9.938221960408153421e-01
9.799999999999999822e-01,9.895370784610026949e-01
9.849999999999999867e-01,9.852499864667778606e-01
9.899999999999999911e-01,9.863671580626343083e-01
9.949999999999999956e-01,9.912498217383511889e-01
1.000000000000000000e+00,9.935337832492379118e-01
1.005000000000000115e+00,9.902274813986755575e-01
1.010000000000000009e+00,9.855400653045857107e-01
1.015000000000000124e+00,9.857986143972710114e-01
1.020000000000000018e+00,9.911097668086370494e-01
1.024999999999999911e+00,9.946893529961161606e-01
1.030000000000000027e+00,9.913703818464179029e-01
1.034999999999999920e+00,9.844370332804329715e-01
1.040000000000000036e+00,9.822372216805891343e-01
1.044999999999999929e+00,9.881318331575748015e-01
1.050000000000000044e+00,9.955315844217906829e-01
1.054999999999999938e+00,9.951274326546675209e-01
1.060000000000000053e+00,9.863888771192541594e-01
1.064999999999999947e+00,9.789702963121830193e-01
1.070000000000000062e+00,9.817833851853309257e-01
1.074999999999999956e+00,9.921997075129820320e-01
1.080000000000000071e+00,9.981263018094967965e-01
1.084999999999999964e+00,9.918427677328103265e-01
1.090000000000000080e+00,9.797630033925134319e-01
1.094999999999999973e+00,9.755277307163998657e-01
1.100000000000000089e+00,9.842409684284083582e-01
1.104999999999999982e+00,9.961119195375250923e-01
1.110000000000000098e+00,9.969719645823527099e-01
1.114999999999999991e+00,9.849165351500785981e-01
1.120000000000000107e+00,9.733084452056008917e-01
1.125000000000000000e+00,9.752882794705413083e-01
1.130000000000000115e+00,9.884817491176517423e-01
1.135000000000000009e+00,9.973309970092687493e-01
1.140000000000000124e+00,9.906072174877035286e-01
1.145000000000000018e+00,9.752850706020655958e-01
1.150000000000000133e+00,9.688535827214003193e-01
1.155000000000000027e+00,9.783747205742103770e-01
1.159999999999999920e+00,9.921691750930613507e-01
1.165000000000000036e+00,9.928721563858726729e-01
1.169999999999999929e+00,9.779087532384748149e-01
1.175000000000000044e+00,9.640919792198909821e-01
1.179999999999999938e+00,9.675651168242340727e-01
1.185000000000000053e+00,9.836057989241457911e-01
1.189999999999999947e+00,9.915211149347553654e-01
1.195000000000000062e+00,9.783339359553371306e-01
1.199999999999999956e+00,9.562505737057378497e-01
1.205000000000000071e+00,9.508847267283595528e-01
1.209999999999999964e+00,9.693053024987394739e-01
1.215000000000000080e+00,9.880767824012155476e-01
1.219999999999999973e+00,9.770295932697564689e-01
1.225000000000000089e+00,9.346519512919556627e-01
1.229999999999999982e+00,8.960126673678068254e-01
1.235000000000000098e+00,8.944207204204026596e-01
1.239999999999999991e+00,9.223717208232585785e-01
1.245000000000000107e+00,9.399612072208659574e-01
1.250000000000000000e+00,9.118406321735490483e-01
1.255000000000000115e+00,8.479023709984562229e-01
1.260000000000000009e+00,8.143770293498470147e-01
1.265000000000000124e+00,8.647505142586777716e-01
1.270000000000000018e+00,9.562483784504091089e-01
1.275000000000000133e+00,9.727102219347230072e-01
1.280000000000000027e+00,8.179322686333747594e-01
1.284999999999999920e+00,5.012487892795579603e-01
1.290000000000000036e+00,1.759880629658578388e-01
1.294999999999999929e+00,4.166639123347010143e-02
1.300000000000000044e+00,1.672463280954362141e-01
1.304999999999999938e+00,4.617712947668083934e-01
1.310000000000000053e+00,7.730701900943923732e-01
1.314999999999999947e+00,9.580535177933398039e-01
1.320000000000000062e+00,9.556379206263644344e-01
1.324999999999999956e+00,8.410142022404135664e-01
1.330000000000000071e+00,7.340349487928398142e-01
1.334999999999999964e+00,6.813086315851206720e-01
1.340000000000000080e+00,6.823563287396001709e-01
1.344999999999999973e+00,7.359347082981293475e-01
1.350000000000000089e+00,8.195108237535060347e-01
1.354999999999999982e+00,8.934344868649546356e-01
1.360000000000000098e+00,9.393731079642446691e-01
1.364999999999999991e+00,9.618345896394070449e-01
1.370000000000000107e+00,9.682166860366504535e-01
1.375000000000000000e+00,9.662268808715160917e-01
1.380000000000000115e+00,9.631166695405211087e-01
1.385000000000000009e+00,9.615096447981534844e-01
1.390000000000000124e+00,9.597777814062937729e-01
1.395000000000000018e+00,9.561321046047822625e-01
1.400000000000000133e+00,9.537958301314837239e-01
1.405000000000000027e+00,9.599240969773541465e-01
1.409999999999999920e+00,9.758972218108357133e-01
1.415000000000000036e+00,9.913163090400123334e-01
1.419999999999999929e+00,9.904089294019027268e-01
1.425000000000000044e+00,9.669753876096605083e-01
1.429999999999999938e+00,9.353875705352295844e-01
1.435000000000000053e+00,9.227387311777578427e-01
1.439999999999999947e+00,9.444299959020872048e-01
1.445000000000000062e+00,9.841561215058436396e-01
1.449999999999999956e+00,9.952322527113083295e-01
1.455000000000000071e+00,9.268652965847569147e-01
1.459999999999999964e+00,7.620506080002920068e-01
1.465000000000000080e+00,5.380031195094631125e-01
1.469999999999999973e+00,3.320232124039560473e-01
1.475000000000000089e+00,2.241348142778468167e-01
1.479999999999999982e+00,2.574211141165490546e-01
1.485000000000000098e+00,4.153314810201884644e-01
1.489999999999999991e+00,6.316382545987105912e-01
1.495000000000000107e+00,8.281277318445314783e-01
1.500000000000000000e+00,9.531000814154650946e-01
1.505000000000000115e+00,9.982879215005874274e-01
1.510000000000000009e+00,9.907639259305570656e-01
1.515000000000000124e+00,9.692797666471093532e-01
1.520000000000000018e+00,9.606761929626970176e-01
1.525000000000000133e+00,9.700355160289072520e-01
1.530000000000000027e+00,9.867954623949513060e-01
1.535000000000000142e+00,9.981920816753990788e-01
1.540000000000000036e+00,9.993100608168734578e-01
1.544999999999999929e+00,9.941990164153798881e-01
1.550000000000000044e+00,9.900335516432504646e-01
1.554999999999999938e+00,9.907341240499822899e-01
1.560000000000000053e+00,9.949976566586713478e-01
1.564999999999999947e+00,9.989244631629887738e-01
1.570000000000000062e+00,9.999048778511825386e-01
1.574999999999999956e+00,9.983713352658649676e-01
1.580000000000000071e+00,9.966146690920727469e-01
1.584999999999999964e+00,9.964261434938377349e-01
1.590000000000000080e+00,9.977834854853704361e-01
1.594999999999999973e+00,9.993601165013275001e-01
1.600000000000000089e+00,9.999638530263439407e-01
1.604999999999999982e+00,9.994893252752987678e-01
1.610000000000000098e+00,9.987305451989414440e-01
1.614999999999999991e+00,9.985003085487273999e-01
1.620000000000000107e+00,9.989547803574587714e-01
1.625000000000000000e+00,9.996281010498204722e-01
1.630000000000000115e+00,9.999744004407388198e-01
1.635000000000000009e+00,9.998446129021623108e-01
1.640000000000000124e+00,9.995169905653051856e-01
1.645000000000000018e+00,9.993621678387250018e-01
1.650000000000000133e+00,9.995099342242417251e-01
1.655000000000000027e+00,9.997981185990962860e-01
1.660000000000000142e+00,9.999807706727787959e-01
1.665000000000000036e+00,9.999576848623934477e-01
1.669999999999999929e+00,9.998243565152156176e-01
1.675000000000000044e+00,9.997425748410981861e-01
1.679999999999999938e+00,9.997862904556460428e-01
1.685000000000000053e+00,9.999015341095556231e-01
1.689999999999999947e+00,9.999862502888492433e-01
1.695000000000000062e+00,9.999903041418747307e-01
1.699999999999999956e+00,9.999440209383760880e-01
1.705000000000000071e+00,9.999099239678492790e-01
1.709999999999999964e+00,9.999205696639829055e-01
1.715000000000000080e+00,9.999600417542047204e-01
1.719999999999999973e+00,9.999923774184711345e-01
1.725000000000000089e+00,9.999984325555872910e-01
1.729999999999999982e+00,9.999867469252721186e-01
1.735000000000000098e+00,9.999770694680957250e-01
1.739999999999999991e+00,9.999796291742470977e-01
1.745000000000000107e+00,9.999898260848876230e-01
1.750000000000000000e+00,9.999979549402169265e-01
1.755000000000000115e+00,9.999999389786137227e-01
1.760000000000000009e+00,9.999986759075689680e-01
1.765000000000000124e+00,9.999981529433007443e-01
1.770000000000000018e+00,9.999990411770385279e-01
1.775000000000000133e+00,9.999998554665837647e-01
1.780000000000000027e+00,9.999999990513230852e-01
1.785000000000000142e+00,9.999999928541681848e-01
1.790000000000000036e+00,9.999996484503896887e-01
1.794999999999999929e+00,9.999981198280900596e-01
1.800000000000000044e+00,9.999960806222237819e-01
1.804999999999999938e+00,9.999958462431381978e-01
1.810000000000000053e+00,9.999978343379940515e-01
1.814999999999999947e+00,9.999983326684038776e-01
1.820000000000000062e+00,9.999934659624133415e-01
1.824999999999999956e+00,9.999853921624760611e-01
1.830000000000000071e+00,9.999813541071720380e-01
1.834999999999999964e+00,9.999845213134004318e-01
1.840000000000000080e+00,9.999883344524538309e-01
1.844999999999999973e+00,9.999840032924038891e-01
1.850000000000000089e+00,9.999728764321320629e-01
1.854999999999999982e+00,9.999656903677816011e-01
1.860000000000000098e+00,9.999669619387623332e-01
1.864999999999999991e+00,9.999661930821307498e-01
1.870000000000000107e+00,9.999524112205540050e-01
1.875000000000000000e+00,9.999346938038514709e-01
1.880000000000000115e+00,9.999350304358758379e-01
1.885000000000000009e+00,9.999540305312596411e-01
1.890000000000000124e+00,9.999566274825952839e-01
1.895000000000000018e+00,9.999120525505769130e-01
1.900000000000000133e+00,9.998476034545056290e-01
1.905000000000000027e+00,9.998351122170433536e-01
1.910000000000000142e+00,9.999005445126708524e-01
1.915000000000000036e+00,9.999630682515763258e-01
1.919999999999999929e+00,9.999087635033276911e-01
1.925000000000000044e+00,9.997430729645606640e-01
1.929999999999999938e+00,9.996281847532669795e-01
1.935000000000000053e+00,9.997093997595519754e-01
1.939999999999999947e+00,9.999052307513214277e-01
1.945000000000000062e+00,9.999461872031849552e-01
1.949999999999999956e+00,9.996873645352097881e-01
1.955000000000000071e+00,9.993426447318571881e-01
1.959999999999999964e+00,9.992929093741264035e-01
1.965000000000000080e+00,9.996118586420490448e-01
1.969999999999999973e+00,9.998832391182295165e-01
1.975000000000000089e+00,9.996406380591225105e-01
1.979999999999999982e+00,9.989917538629129456e-01
1.985000000000000098e+00,9.986171044250643503e-01
1.989999999999999991e+00,9.989821506049949562e-01
1.995000000000000107e+00,9.996389667968992310e-01
2.000000000000000000e+00,9.996034017774464431e-01
2.004999999999999893e+00,9.985698898022201675e-01
2.010000000000000231e+00,9.974966228242233557e-01
2.015000000000000124e+00,9.975872068048432517e-01
2.020000000000000018e+00,9.986582366662537513e-01
2.024999999999999911e+00,9.990210636707927971e-01
2.030000000000000249e+00,9.975037578780525660e-01
2.035000000000000142e+00,9.952942249551639531e-01
2.040000000000000036e+00,9.947587757379758866e-01
2.044999999999999929e+00,9.957407205779171822e-01
2.049999999999999822e+00,9.935976624784487177e-01
2.055000000000000160e+00,9.829739998265493162e-01
2.060000000000000053e+00,9.650363817065682470e-01
2.064999999999999947e+00,9.495108564634167081e-01
2.069999999999999840e+00,9.473264539301237130e-01
2.075000000000000178e+00,9.604392129354550889e-01
2.080000000000000071e+00,9.782209599532696309e-01
2.084999999999999964e+00,9.856719172126721107e-01
2.089999999999999858e+00,9.790957691604826874e-01
2.095000000000000195e+00,9.715809162329378523e-01
2.100000000000000089e+00,9.775537303254681065e-01
2.104999999999999982e+00,9.927716426750869960e-01
2.109999999999999876e+00,9.940776089011029715e-01
2.115000000000000213e+00,9.635905656323728863e-01
2.120000000000000107e+00,9.162849442930249833e-01
2.125000000000000000e+00,8.963255136927753552e-01
2.129999999999999893e+00,9.320742151140825049e-01
2.135000000000000231e+00,9.892308043716977473e-01
2.140000000000000124e+00,9.746809316543304513e-01
2.145000000000000018e+00,8.043740263923834233e-01
2.149999999999999911e+00,4.910298065373764898e-01
2.155000000000000249e+00,1.705779350080334211e-01
2.160000000000000142e+00,2.193289552757149430e-02
2.165000000000000036e+00,1.370955117453905303e-01
2.169999999999999929e+00,4.518679575999909881e-01
2.175000000000000266e+00,7.887357013583286003e-01
2.180000000000000160e+00,9.783053059377803118e-01
2.185000000000000053e+00,9.763061213083252809e-01
2.189999999999999947e+00,8.784743382054265304e-01
2.194999999999999840e+00,8.172992563575058877e-01
2.200000000000000178e+00,8.513969516898671763e-01
2.205000000000000071e+00,9.392883207340138041e-01
2.209999999999999964e+00,9.884922362741987989e-01
2.214999999999999858e+00,9.447328565191313032e-01
2.220000000000000195e+00,8.436080774272839422e-01
2.225000000000000089e+00,7.532657113694816164e-01
2.229999999999999982e+00,7.029162996242929173e-01
2.234999999999999876e+00,6.991977429127623767e-01
2.240000000000000213e+00,7.446529994761460491e-01
2.245000000000000107e+00,8.157244829223297966e-01
2.250000000000000000e+00,8.821164919883381916e-01
2.254999999999999893e+00,9.378998704898030558e-01
2.260000000000000231e+00,9.792443063613323062e-01
2.265000000000000124e+00,9.918366904358791869e-01
2.270000000000000018e+00,9.772608311399033632e-01
2.274999999999999911e+00,9.583521192900358310e-01
2.280000000000000249e+00,9.566713422438970493e-01
2.285000000000000142e+00,9.746035971178137469e-01
2.290000000000000036e+00,9.936571819399374617e-01
2.294999999999999929e+00,9.938592753354718035e-01
2.300000000000000266e+00,9.761694082404774875e-01
2.305000000000000160e+00,9.593018055084387985e-01
2.310000000000000053e+00,9.579954177889813405e-01
2.314999999999999947e+00,9.690368817681391800e-01
2.319999999999999840e+00,9.774860146300905495e-01
2.325000000000000178e+00,9.748881718510650218e-01
2.330000000000000071e+00,9.682577325958222625e-01
2.334999999999999964e+00,9.704133302636088754e-01
2.339999999999999858e+00,9.839267261192585767e-01
2.345000000000000195e+00,9.968800116130854816e-01
2.350000000000000089e+00,9.965718689793097163e-01
2.354999999999999982e+00,9.850803626071421570e-01
2.359999999999999876e+00,9.766621796906376218e-01
2.365000000000000213e+00,9.812597896085206717e-01
2.370000000000000107e+00,9.935560435765496967e-01
2.375000000000000000e+00,9.990460561707472653e-01
2.379999999999999893e+00,9.911325109597119987e-01
2.385000000000000231e+00,9.790442124315595906e-01
2.390000000000000124e+00,9.767954831382970049e-01
2.395000000000000018e+00,9.872627670413731682e-01
2.399999999999999911e+00,9.985900373388393314e-01
2.405000000000000249e+00,9.965970263639010174e-01
2.410000000000000142e+00,9.809542761192151517e-01
2.415000000000000036e+00,9.660656680868581203e-01
2.419999999999999929e+00,9.660602432122975536e-01
2.425000000000000266e+00,9.815374135305234837e-01
2.430000000000000160e+00,9.972535788396355017e-01
2.435000000000000053e+00,9.904943050273462557e-01
2.439999999999999947e+00,9.448686620769832789e-01
2.444999999999999840e+00,8.550801981276719976e-01
2.450000000000000178e+00,7.258489710055956445e-01
2.455000000000000071e+00,5.837478206378430290e-01
2.459999999999999964e+00,4.813028244197134486e-01
2.464999999999999858e+00,4.641246662268988521e-01
2.470000000000000195e+00,5.387830193037421722e-01
2.475000000000000089e+00,6.777340720649674966e-01
2.479999999999999982e+00,8.324233240583884808e-01
2.484999999999999876e+00,9.466039356481249500e-01
2.490000000000000213e+00,9.901847733353157377e-01
2.495000000000000107e+00,9.804015098574889731e-01
2.500000000000000000e+00,9.574428266456300740e-01
2.504999999999999893e+00,9.495809665351773177e-01
2.510000000000000231e+00,9.608772241275430614e-01
2.515000000000000124e+00,9.777662511976503712e-01
2.520000000000000018e+00,9.865303049982117045e-01
2.524999999999999911e+00,9.858797606297948768e-01
2.530000000000000249e+00,9.821182264828435260e-01
2.535000000000000142e+00,9.798006212772923940e-01
2.540000000000000036e+00,9.798391693576236072e-01
2.544999999999999929e+00,9.815094875471050972e-01
2.550000000000000266e+00,9.846066422484753833e-01
2.555000000000000160e+00,9.888298321162493076e-01
2.560000000000000053e+00,9.913524386015182266e-01
2.564999999999999947e+00,9.891555981783460849e-01
2.569999999999999840e+00,9.838899104162670550e-01
2.575000000000000178e+00,9.811652333383406033e-01
2.580000000000000071e+00,9.847107262514804837e-01
2.584999999999999964e+00,9.915956597909890702e-01
2.589999999999999858e+00,9.942615813745833142e-01
2.595000000000000195e+00,9.891412906029406482e-01
2.600000000000000089e+00,9.816745851391130984e-01
2.604999999999999982e+00,9.806243242208105837e-01
2.609999999999999876e+00,9.882567669660236032e-01
2.615000000000000213e+00,9.971640275021691480e-01
2.620000000000000107e+00,9.978103671868652214e-01
2.625000000000000000e+00,9.894675756364030850e-01
2.629999999999999893e+00,9.814061444614061713e-01
2.635000000000000231e+00,9.825387805642782357e-01
2.640000000000000124e+00,9.916761150017525672e-01
2.645000000000000018e+00,9.988001880728127890e-01
2.649999999999999911e+00,9.961276717022777838e-01
2.655000000000000249e+00,9.869834332776059593e-01
2.660000000000000142e+00,9.817748892540070216e-01
2.665000000000000036e+00,9.860591973810421962e-01
2.669999999999999929e+00,9.947292028224867799e-01
2.675000000000000266e+00,9.980275080491511908e-01
2.680000000000000160e+00,9.926064709038637801e-01
2.685000000000000053e+00,9.851556540620285407e-01
2.689999999999999947e+00,9.841433901291611885e-01
2.694999999999999840e+00,9.901345841824399363e-01
2.700000000000000178e+00,9.958527091719999724e-01
2.705000000000000071e+00,9.948297306989519750e-01
2.709999999999999964e+00,9.888172693033592253e-01
2.714999999999999858e+00,9.852897840224699166e-01
2.720000000000000195e+00,9.880835021814580177e-01
2.725000000000000089e+00,9.932305761620097151e-01
2.729999999999999982e+00,9.943117001556400769e-01
2.734999999999999876e+00,9.901986169611225463e-01
2.740000000000000213e+00,9.863324533997770427e-01
2.745000000000000107e+00,9.876815205129209074e-01
2.750000000000000000e+00,9.922900552998275003e-01
2.754999999999999893e+00,9.940041926201337308e-01
2.760000000000000231e+00,9.903182882438124057e-01
2.765000000000000124e+00,9.856687425118861867e-01
2.770000000000000018e+00,9.861738555343968482e-01
2.774999999999999911e+00,9.915928558373647839e-01
2.780000000000000249e+00,9.951073905623935012e-01
2.785000000000000142e+00,9.917772332296934668e-01
2.790000000000000036e+00,9.849354994807606456e-01
2.794999999999999929e+00,9.827522906751753329e-01
2.800000000000000266e+00,9.884196228830322006e-01
2.805000000000000160e+00,9.954796578164359921e-01
2.810000000000000053e+00,9.950672466641317104e-01
2.814999999999999947e+00,9.867466259031811848e-01
2.819999999999999840e+00,9.796888902396558851e-01
2.825000000000000178e+00,9.823346296152879464e-01
2.830000000000000071e+00,9.920525975696939947e-01
2.834999999999999964e+00,9.973967019429461622e-01
2.839999999999999858e+00,9.912843801619228845e-01
2.845000000000000195e+00,9.798011805943811492e-01
2.850000000000000089e+00,9.757606779515948237e-01
2.854999999999999982e+00,9.838690549429114363e-01
2.859999999999999876e+00,9.948161168638517404e-01
2.865000000000000213e+00,9.953950204275636704e-01
2.870000000000000107e+00,9.833679619714339459e-01
2.875000000000000000e+00,9.700713444999693458e-01
2.879999999999999893e+00,9.664999056988090587e-01
2.885000000000000231e+00,9.698563558187898170e-01
2.890000000000000124e+00,9.685061417882117052e-01
2.895000000000000018e+00,9.579330778348867925e-01
2.899999999999999911e+00,9.477739371223634635e-01
2.905000000000000249e+00,9.524236620443931045e-01
2.910000000000000142e+00,9.733414219503523368e-01
2.915000000000000036e+00,9.928399249078990740e-01
2.919999999999999929e+00,9.914170166206397461e-01
2.925000000000000266e+00,9.710073379091588297e-01
2.930000000000000160e+00,9.552681945934853314e-01
2.935000000000000053e+00,9.632612595710630110e-01
2.939999999999999947e+00,9.856806221479758046e-01
2.944999999999999840e+00,9.932328003088869428e-01
2.950000000000000178e+00,9.700073782977636228e-01
2.955000000000000071e+00,9.354236864187674971e-01
2.959999999999999964e+00,9.272476256092904157e-01
2.964999999999999858e+00,9.576301630072823201e-01
2.970000000000000195e+00,9.916437433746417840e-01
2.975000000000000089e+00,9.792005280109741250e-01
2.979999999999999982e+00,9.109629862559016633e-01
2.984999999999999876e+00,8.412537568414465428e-01
2.990000000000000213e+00,8.426093867749984145e-01
2.995000000000000107e+00,9.223897003854424348e-01
3.000000000000000000e+00,9.915188181363130404e-01
3.004999999999999893e+00,9.266703166697565219e-01
3.010000000000000231e+00,6.742976972524298285e-01
3.015000000000000124e+00,3.209459876385875043e-01
3.020000000000000018e+00,5.792129859295525041e-02
3.024999999999999911e+00,3.818118513038776252e-02
3.030000000000000249e+00,2.616479537287937362e-01
3.035000000000000142e+00,5.954177961785640516e-01
3.040000000000000036e+00,8.731784643992381856e-01
3.044999999999999929e+00,9.938053461444269487e-01
3.050000000000000266e+00,9.748994107409263421e-01
3.055000000000000160e+00,9.143740228183968588e-01
3.060000000000000053e+00,8.943792310097506970e-01
3.064999999999999947e+00,9.284109905376936034e-01
3.070000000000000284e+00,9.773460186526027327e-01
3.075000000000000178e+00,9.971332847411953360e-01
3.080000000000000071e+00,9.806044260718760341e-01
3.084999999999999964e+00,9.568878262601692164e-01
3.089999999999999858e+00,9.548823765377786321e-01
3.095000000000000195e+00,9.763462505273483583e-01
3.100000000000000089e+00,9.953399826085450597e-01
3.104999999999999982e+00,9.785484182862085323e-01
3.109999999999999876e+00,9.146824339943564475e-01
3.115000000000000213e+00,8.240581804375812780e-01
3.120000000000000107e+00,7.424352904124347230e-01
3.125000000000000000e+00,7.032620658928909751e-01
3.129999999999999893e+00,7.236673171042582453e-01
3.135000000000000231e+00,7.930670451994726866e-01
3.140000000000000124e+00,8.789783392958820940e-01
3.145000000000000018e+00,9.488177893884761627e-01
3.149999999999999911e+00,9.866498363763788193e-01
3.155000000000000249e+00,9.956830372193306022e-01
3.160000000000000142e+00,9.906873687433814801e-01
3.165000000000000036e+00,9.861471504671381894e-01
3.169999999999999929e+00,9.878030763201247622e-01
3.175000000000000266e+00,9.927922585941622025e-01
3.180000000000000160e+00,9.959729123434550857e-01
3.185000000000000053e+00,9.956480461107672930e-01
3.189999999999999947e+00,9.940738629324116227e-01
3.195000000000000284e+00,9.939565800187286637e-01
3.200000000000000178e+00,9.955353047223534091e-01
3.205000000000000071e+00,9.969609776992818251e-01
3.209999999999999964e+00,9.967804292688733359e-01
3.214999999999999858e+00,9.953899322857134857e-01
3.220000000000000195e+00,9.939329986224925140e-01
3.225000000000000089e+00,9.923636517556470027e-01
3.229999999999999982e+00,9.893340107706509734e-01
3.234999999999999876e+00,9.842161660077191065e-01
3.240000000000000213e+00,9.788286562213736053e-01
3.245000000000000107e+00,9.765853640316490836e-01
3.250000000000000000e+00,9.796750526925147584e-01
3.254999999999999893e+00,9.869228876806819262e-01
3.260000000000000231e+00,9.943179834195983169e-01
3.265000000000000124e+00,9.980104188987879432e-01
3.270000000000000018e+00,9.973231562977229459e-01
3.274999999999999911e+00,9.949634583335793536e-01
3.280000000000000249e+00,9.942724857282456696e-01
3.285000000000000142e+00,9.962368898778568571e-01
3.290000000000000036e+00,9.989266063150710195e-01
3.294999999999999929e+00,9.996255228384929303e-01
3.300000000000000266e+00,9.975678925272665198e-01
3.305000000000000160e+00,9.947079763744126613e-01
3.310000000000000053e+00,9.938317728205960933e-01
3.314999999999999947e+00,9.958526966530121260e-01
3.320000000000000284e+00,9.988636897994365160e-01
3.325000000000000178e+00,9.998721794554532583e-01
3.330000000000000071e+00,9.976567910892886193e-01
3.334999999999999964e+00,9.940610609848136159e-01
3.339999999999999858e+00,9.923988027759904629e-01
3.345000000000000195e+00,9.943321907642659330e-01
3.350000000000000089e+00,9.981118298977172953e-01
3.354999999999999982e+00,9.999705926988335936e-01
3.359999999999999876e+00,9.976058718031242112e-01
3.365000000000000213e+00,9.925945882843314472e-01
3.370000000000000107e+00,9.893027165518516464e-01
3.375000000000000000e+00,9.909470382197476113e-01
3.379999999999999893e+00,9.962416802610756239e-01
3.385000000000000231e+00,9.999182574881659846e-01
3.390000000000000124e+00,9.971897720020878042e-01
3.395000000000000018e+00,9.885426734393693016e-01
3.399999999999999911e+00,9.803896302463831480e-01
3.405000000000000249e+00,9.801727259927378588e-01
3.410000000000000142e+00,9.892052251909941862e-01
3.415000000000000036e+00,9.990355614150088215e-01
3.419999999999999929e+00,9.950944339707659125e-01
3.425000000000000266e+00,9.660748155116222202e-01
3.430000000000000160e+00,9.128920444223389552e-01
3.435000000000000053e+00,8.507825665341310906e-01
3.439999999999999947e+00,8.025082179250013770e-01
3.445000000000000284e+00,7.866290329733773845e-01
3.450000000000000178e+00,8.080792624753655451e-01
3.455000000000000071e+00,8.565689408378864833e-01
3.459999999999999964e+00,9.131047436397807804e-01
3.464999999999999858e+00,9.599945951561252855e-01
3.470000000000000195e+00,9.882710975978977741e-01
3.475000000000000089e+00,9.990249126066774732e-01
3.479999999999999982e+00,9.994131915208716022e-01
3.484999999999999876e+00,9.970034409733405933e-01
3.490000000000000213e+00,9.960571368023121153e-01
3.495000000000000107e+00,9.971084576217950080e-01
3.500000000000000000e+00,9.987806525568141414e-01
3.504999999999999893e+00,9.998175286801624928e-01
3.510000000000000231e+00,9.999761339135325722e-01
3.515000000000000124e+00,9.997342773750168554e-01
3.520000000000000018e+00,9.995913875873554399e-01
3.524999999999999911e+00,9.996824952310690016e-01
3.530000000000000249e+00,9.998629254003212896e-01
3.535000000000000142e+00,9.999768878746156942e-01
3.540000000000000036e+00,9.999994454371409214e-01
3.544999999999999929e+00,9.999895989016681641e-01
3.550000000000000266e+00,9.999901317123428557e-01
3.555000000000000160e+00,9.999979387401813913e-01
3.560000000000000053e+00,9.999998369585013647e-01
3.564999999999999947e+00,9.999987764458273531e-01
3.570000000000000284e+00,9.999995666713025200e-01
3.575000000000000178e+00,9.999919303984929897e-01
3.580000000000000071e+00,9.999659306144224047e-01
3.584999999999999964e+00,9.999369234167221343e-01
3.589999999999999858e+00,9.999350870543795011e-01
3.595000000000000195e+00,9.999638161370419942e-01
3.600000000000000089e+00,9.999830907117781553e-01
3.604999999999999982e+00,9.999501243122311811e-01
3.609999999999999876e+00,9.998738803922775364e-01
3.615000000000000213e+00,9.998134518887605848e-01
3.620000000000000107e+00,9.998156904303541204e-01
3.625000000000000000e+00,9.998642878672681089e-01
3.629999999999999893e+00,9.998992044711434435e-01
3.635000000000000231e+00,9.998776282360622991e-01
3.640000000000000124e+00,9.998029586384453715e-01
3.645000000000000018e+00,9.997046703380529920e-01
3.649999999999999911e+00,9.996196131683064978e-01
3.655000000000000249e+00,9.995975682215892943e-01
3.660000000000000142e+00,9.996779764927774536e-01
3.665000000000000036e+00,9.998070427095264723e-01
3.669999999999999929e+00,9.997996443355702256e-01
3.675000000000000266e+00,9.994922016941780729e-01
3.680000000000000160e+00,9.990126091082512927e-01
3.685000000000000053e+00,9.988169907208169773e-01
3.689999999999999947e+00,9.992414621838401345e-01
3.695000000000000284e+00,9.998601094563683844e-01
3.700000000000000178e+00,9.993883515298638276e-01
3.705000000000000071e+00,9.965658796202450098e-01
3.709999999999999964e+00,9.914386350302064610e-01
3.714999999999999858e+00,9.857931849290881843e-01
3.720000000000000195e+00,9.821512086597619096e-01
3.725000000000000089e+00,9.820903293924541089e-01
3.729999999999999982e+00,9.852775339313715186e-01
3.734999999999999876e+00,9.899892645283807635e-01
3.740000000000000213e+00,9.944912154656972980e-01
3.745000000000000107e+00,9.977904411140129382e-01
3.750000000000000000e+00,9.993402577252262775e-01
3.754999999999999893e+00,9.988446216673098066e-01
3.760000000000000231e+00,9.968325506614796883e-01
3.765000000000000124e+00,9.950422480701177630e-01
3.770000000000000018e+00,9.953585969109994824e-01
3.774999999999999911e+00,9.977082426219532341e-01
3.780000000000000249e+00,9.993774081715327551e-01
3.785000000000000142e+00,9.975470443747702642e-01
3.790000000000000036e+00,9.929663390442062809e-01
3.794999999999999929e+00,9.901986389098353936e-01
3.800000000000000266e+00,9.927833637177461146e-01
3.805000000000000160e+00,9.979813046076627669e-01
3.810000000000000053e+00,9.981459487696254795e-01
3.814999999999999947e+00,9.893152984494630875e-01
3.820000000000000284e+00,9.781121521378339789e-01
3.825000000000000178e+00,9.768767276479368711e-01
3.830000000000000071e+00,9.887541526001442094e-01
3.834999999999999964e+00,9.988589075282447993e-01
3.839999999999999858e+00,9.858786999189662614e-01
3.845000000000000195e+00,9.475344974920312247e-01
3.850000000000000089e+00,9.131852051831910178e-01
3.854999999999999982e+00,9.208891716226187407e-01
3.859999999999999876e+00,9.703296300285821907e-01
3.865000000000000213e+00,9.975345914921773804e-01
3.870000000000000107e+00,9.086838794885967463e-01
3.875000000000000000e+00,6.599530758748771708e-01
3.879999999999999893e+00,3.213435458352580376e-01
3.885000000000000231e+00,5.739364974482996651e-02
3.890000000000000124e+00,2.024940065030855774e-02
3.895000000000000018e+00,2.369411504931003276e-01
3.899999999999999911e+00,5.856487648904851184e-01
3.905000000000000249e+00,8.801774851226078500e-01
3.910000000000000142e+00,9.981632524215251490e-01
3.915000000000000036e+00,9.552841592722050024e-01
3.919999999999999929e+00,8.675849530109602803e-01
3.925000000000000266e+00,8.419773044325686850e-01
3.930000000000000160e+00,8.966052041868848299e-01
3.935000000000000053e+00,9.708242658117103296e-01
3.939999999999999947e+00,9.986696930849769949e-01
3.945000000000000284e+00,9.716969216583406510e-01
3.950000000000000178e+00,9.353028063199090303e-01
3.955000000000000071e+00,9.334749271907165635e-01
3.959999999999999964e+00,9.659523687226665434e-01
3.965000000000000302e+00,9.959737907854299133e-01
3.970000000000000195e+00,9.932439273224951126e-01
3.975000000000000089e+00,9.659990200384114267e-01
3.979999999999999982e+00,9.479263069659946694e-01
3.984999999999999876e+00,9.595220007389078098e-01
3.990000000000000213e+00,9.878215906347135311e-01
3.995000000000000107e+00,9.975479539731431089e-01
4.000000000000000000e+00,9.631113041002554720e-01
4.004999999999999893e+00,8.919504383777222545e-01
4.009999999999999787e+00,8.100834080248044966e-01
4.014999999999999680e+00,7.401951861950621936e-01
4.020000000000000462e+00,7.054025596596334990e-01
4.025000000000000355e+00,7.237584805945662669e-01
4.030000000000000249e+00,7.874065389419532268e-01
4.035000000000000142e+00,8.697658433098387487e-01
4.040000000000000036e+00,9.451372270518634267e-01
4.044999999999999929e+00,9.908374599263805038e-01
4.049999999999999822e+00,9.964162617082790163e-01
4.054999999999999716e+00,9.774994013802104087e-01
4.060000000000000497e+00,9.627665968158390930e-01
4.065000000000000391e+00,9.680666355413092283e-01
4.070000000000000284e+00,9.864895223516321199e-01
4.075000000000000178e+00,9.985786132185978659e-01
4.080000000000000071e+00,9.935820430277979565e-01
4.084999999999999964e+00,9.803546331032186867e-01
4.089999999999999858e+00,9.753342532619452276e-01
4.094999999999999751e+00,9.839925825643847102e-01
4.099999999999999645e+00,9.961320180594532836e-01
4.105000000000000426e+00,9.982336308583985574e-01
4.110000000000000320e+00,9.891225257155242812e-01
4.115000000000000213e+00,9.804955008257435489e-01
4.120000000000000107e+00,9.825386476156494631e-01
4.125000000000000000e+00,9.925924526169283002e-01
4.129999999999999893e+00,9.988976743788806623e-01
4.134999999999999787e+00,9.945807672124832299e-01
4.139999999999999680e+00,9.854678070986895300e-01
4.145000000000000462e+00,9.823460506452252883e-01
4.150000000000000355e+00,9.877709384279211857e-01
4.155000000000000249e+00,9.930860847874576347e-01
4.160000000000000142e+00,9.889123268209929485e-01
4.165000000000000036e+00,9.769022965289864135e-01
4.169999999999999929e+00,9.682869260928104183e-01
4.174999999999999822e+00,9.714085011518400758e-01
4.179999999999999716e+00,9.830975990277541765e-01
4.185000000000000497e+00,9.923502013080978124e-01
4.190000000000000391e+00,9.921806730994121581e-01
4.195000000000000284e+00,9.868169059377007724e-01
4.200000000000000178e+00,9.855411020099281716e-01
4.205000000000000071e+00,9.912200631316991917e-01
4.209999999999999964e+00,9.975459081386846005e-01
4.214999999999999858e+00,9.971901838447794209e-01
4.219999999999999751e+00,9.908304852618362579e-01
4.224999999999999645e+00,9.863040633485029574e-01
4.230000000000000426e+00,9.890555380719877610e-01
4.235000000000000320e+00,9.957869647298066562e-01
4.240000000000000213e+00,9.985895285880372896e-01
4.245000000000000107e+00,9.943541764848882192e-01
4.250000000000000000e+00,9.883874651623015817e-01
4.254999999999999893e+00,9.878728593371717270e-01
4.259999999999999787e+00,9.933028149398173134e-01
4.264999999999999680e+00,9.981618824417076707e-01
4.270000000000000462e+00,9.967792784222186953e-01
4.275000000000000355e+00,9.910043836646216242e-01
4.280000000000000249e+00,9.878412881085475439e-01
4.285000000000000142e+00,9.909901421715476832e-01
4.290000000000000036e+00,9.966452752104248969e-01
4.294999999999999929e+00,9.982365462251656663e-01
4.299999999999999822e+00,9.941097160333471905e-01
4.304999999999999716e+00,9.891027885091276950e-01
4.310000000000000497e+00,9.883974082866802124e-01
4.315000000000000391e+00,9.914386668465635655e-01
4.320000000000000284e+00,9.932895062438107381e-01
4.325000000000000178e+00,9.912798659027155512e-01
4.330000000000000071e+00,9.884914971423750529e-01
4.334999999999999964e+00,9.896876969841990057e-01
4.339999999999999858e+00,9.948345477267992454e-01
4.344999999999999751e+00,9.985643053264676716e-01
4.350000000000000533e+00,9.965088556450903967e-01
4.355000000000000426e+00,9.908629251318833431e-01
4.360000000000000320e+00,9.881809261433353031e-01
4.365000000000000213e+00,9.916808428847156964e-01
4.370000000000000107e+00,9.973079635634221063e-01
4.375000000000000000e+00,9.984385327247871089e-01
4.379999999999999893e+00,9.937203867850515904e-01
4.384999999999999787e+00,9.887583795363469319e-01
4.389999999999999680e+00,9.894683711747191968e-01
4.395000000000000462e+00,9.949859908790944507e-01
4.400000000000000355e+00,9.987209736690537687e-01
4.405000000000000249e+00,9.962428478468958737e-01
4.410000000000000142e+00,9.905622382493248779e-01
4.415000000000000036e+00,9.884415413341053336e-01
4.419999999999999929e+00,9.920004920614267085e-01
4.424999999999999822e+00,9.958882041965398946e-01
4.429999999999999716e+00,9.937232109145379688e-01
4.435000000000000497e+00,9.861006347236305203e-01
4.440000000000000391e+00,9.804713341567130591e-01
4.445000000000000284e+00,9.828313440572467030e-01
4.450000000000000178e+00,9.908516396235548251e-01
4.455000000000000071e+00,9.963716865792247024e-01
4.459999999999999964e+00,9.944521992670275479e-01
4.464999999999999858e+00,9.887369343443694891e-01
4.469999999999999751e+00,9.867679024821804923e-01
4.475000000000000533e+00,9.908474949711582047e-01
4.480000000000000426e+00,9.956969364126982969e-01
4.485000000000000320e+00,9.952633495778617778e-01
4.490000000000000213e+00,9.900935739788275791e-01
4.495000000000000107e+00,9.866684210519687248e-01
4.500000000000000000e+00,9.893038222424626049e-01
4.504999999999999893e+00,9.946027930428015251e-01
4.509999999999999787e+00,9.957416961355316509e-01
4.514999999999999680e+00,9.909909816982942488e-01
4.520000000000000462e+00,9.859714707427054137e-01
4.525000000000000355e+00,9.868278152073040044e-01
4.530000000000000249e+00,9.920774682463224803e-01
4.535000000000000142e+00,9.938235029544295607e-01
4.540000000000000036e+00,9.876598032116584713e-01
4.544999999999999929e+00,9.787830525269187731e-01
4.549999999999999822e+00,9.767314563303797215e-01
4.554999999999999716e+00,9.844352680991350635e-01
4.560000000000000497e+00,9.939930527771554392e-01
4.565000000000000391e+00,9.951921295738070938e-01
4.570000000000000284e+00,9.874476191661872848e-01
4.575000000000000178e+00,9.807227273572916015e-01
4.580000000000000071e+00,9.838809947122644228e-01
4.584999999999999964e+00,9.937413010948050740e-01
4.589999999999999858e+00,9.982894060004907644e-01
4.594999999999999751e+00,9.910927234431015087e-01
4.600000000000000533e+00,9.796419025399998315e-01
4.605000000000000426e+00,9.772251648271959024e-01
4.610000000000000320e+00,9.871345851234563096e-01
4.615000000000000213e+00,9.976735689426755593e-01
4.620000000000000107e+00,9.952774921874538716e-01
4.625000000000000000e+00,9.810710960235866640e-01
4.629999999999999893e+00,9.707243639201590391e-01
4.634999999999999787e+00,9.766095935170308051e-01
4.639999999999999680e+00,9.922146579648157827e-01
4.645000000000000462e+00,9.981263584698614189e-01
4.650000000000000355e+00,9.846480578439941178e-01
4.655000000000000249e+00,9.648642816720576221e-01
4.660000000000000142e+00,9.612389350396873811e-01
4.665000000000000036e+00,9.789678392136107465e-01
4.669999999999999929e+00,9.969162689427450985e-01
4.674999999999999822e+00,9.899075228831857309e-01
4.679999999999999716e+00,9.593340211036345266e-01
4.685000000000000497e+00,9.360819208343085229e-01
4.690000000000000391e+00,9.477221755472924336e-01
4.695000000000000284e+00,9.829321032894697829e-01
4.700000000000000178e+00,9.963496901340573864e-01
4.705000000000000071e+00,9.560205067888158936e-01
4.709999999999999964e+00,8.855133074238641377e-01
4.714999999999999858e+00,8.514796187288089513e-01
4.719999999999999751e+00,8.964321971307545045e-01
4.725000000000000533e+00,9.775176234428626376e-01
4.730000000000000426e+00,9.815347129666380788e-01
4.735000000000000320e+00,8.147939696410861909e-01
4.740000000000000213e+00,4.944191299495044878e-01
4.745000000000000107e+00,1.639683029702045380e-01
4.750000000000000000e+00,4.643121557790619303e-03
4.754999999999999893e+00,1.031825611533120912e-01
4.759999999999999787e+00,3.942809335141031490e-01
4.764999999999999680e+00,7.195848013954223577e-01
4.770000000000000462e+00,9.367817853774091930e-01
4.775000000000000355e+00,9.997271783999224226e-01
4.780000000000000249e+00,9.642555776335148821e-01
4.785000000000000142e+00,9.213580031215874433e-01
4.790000000000000036e+00,9.223230049992643398e-01
4.794999999999999929e+00,9.585021252447505358e-01
4.799999999999999822e+00,9.921951721147397318e-01
4.804999999999999716e+00,9.987351257639112134e-01
4.810000000000000497e+00,9.848874943402403659e-01
4.815000000000000391e+00,9.734328524181986575e-01
4.820000000000000284e+00,9.773699569457378056e-01
4.825000000000000178e+00,9.908874781763636896e-01
4.830000000000000071e+00,9.995470216349369164e-01
4.834999999999999964e+00,9.961593933315082694e-01
4.839999999999999858e+00,9.869029281464024583e-01
4.844999999999999751e+00,9.828945132293734899e-01
4.850000000000000533e+00,9.883547973444545276e-01
4.855000000000000426e+00,9.970862545604073368e-01
4.860000000000000320e+00,9.989838610345673775e-01
4.865000000000000213e+00,9.905629751603541866e-01
4.870000000000000107e+00,9.792401691619898596e-01
4.875000000000000000e+00,9.766169141001415088e-01
4.879999999999999893e+00,9.866941909148462253e-01
4.884999999999999787e+00,9.984428955473819700e-01
4.889999999999999680e+00,9.899588698859687064e-01
4.895000000000000462e+00,9.438784991856699058e-01
4.900000000000000355e+00,8.630159260415442013e-01
4.905000000000000249e+00,7.738660334478586478e-01
4.910000000000000142e+00,7.142500593281325694e-01
4.915000000000000036e+00,7.115475027795755691e-01
4.919999999999999929e+00,7.659343364571461477e-01
4.924999999999999822e+00,8.510918725430730580e-01
4.929999999999999716e+00,9.312422944862999152e-01
4.935000000000000497e+00,9.815623555078658580e-01
4.940000000000000391e+00,9.985579061767109188e-01
4.945000000000000284e+00,9.955479278541530253e-01
4.950000000000000178e+00,9.892851315675665891e-01
4.955000000000000071e+00,9.887829039432614042e-01
4.959999999999999964e+00,9.932344378866460044e-01
4.964999999999999858e+00,9.975288222905789315e-01
4.969999999999999751e+00,9.986211668666894470e-01
4.975000000000000533e+00,9.974527339188923314e-01
4.980000000000000426e+00,9.965665696893192260e-01
4.985000000000000320e+00,9.971317265226026239e-01
4.990000000000000213e+00,9.983068840862845406e-01
4.995000000000000107e+00,9.988110227071820280e-01
5.000000000000000000e+00,9.984646919810198362e-01
5.004999999999999893e+00,9.980994340920750219e-01
5.009999999999999787e+00,9.983665195210267296e-01
5.014999999999999680e+00,9.989998991619488677e-01
5.020000000000000462e+00,9.992624300890625699e-01
5.025000000000000355e+00,9.988945314195488701e-01
5.030000000000000249e+00,9.984090818775146481e-01
5.035000000000000142e+00,9.984459525094788734e-01
5.040000000000000036e+00,9.990012012051193713e-01
5.044999999999999929e+00,9.994237614395697911e-01
5.049999999999999822e+00,9.991748735293226602e-01
5.054999999999999716e+00,9.984879570544207272e-01
5.060000000000000497e+00,9.981514631114103420e-01
5.065000000000000391e+00,9.985861020750679273e-01
5.070000000000000284e+00,9.991645877146233534e-01
5.075000000000000178e+00,9.985357311243381329e-01
5.080000000000000071e+00,9.957858992844852430e-01
5.084999999999999964e+00,9.914353461845377691e-01
5.089999999999999858e+00,9.873270223133761014e-01
5.094999999999999751e+00,9.854427093062960719e-01
5.100000000000000533e+00,9.866026318227466563e-01
5.105000000000000426e+00,9.900214443081341020e-01
5.110000000000000320e+00,9.939649025042927022e-01
5.115000000000000213e+00,9.969333275224427915e-01
5.120000000000000107e+00,9.984550847625380809e-01
5.125000000000000000e+00,9.989835394699546622e-01
5.129999999999999893e+00,9.991963011873481459e-01
5.134999999999999787e+00,9.994103083081835592e-01
5.139999999999999680e+00,9.995379540507983718e-01
5.145000000000000462e+00,9.994368990009132592e-01
5.150000000000000355e+00,9.992014232253607631e-01
5.155000000000000249e+00,9.991037874463710722e-01
5.160000000000000142e+00,9.992996128764717323e-01
5.165000000000000036e+00,9.996461733608341671e-01
5.169999999999999929e+00,9.998344785549028169e-01
5.174999999999999822e+00,9.996962164873094414e-01
5.179999999999999716e+00,9.993730127851840894e-01
5.185000000000000497e+00,9.991820535528143088e-01
5.190000000000000391e+00,9.993134865747039797e-01
5.195000000000000284e+00,9.996536073547729329e-01
5.200000000000000178e+00,9.998984411325345656e-01
5.205000000000000071e+00,9.998417789856012261e-01
5.209999999999999964e+00,9.995627187581670459e-01
5.214999999999999858e+00,9.993417314633177284e-01
5.219999999999999751e+00,9.993928267654998976e-01
5.225000000000000533e+00,9.996678790194917230e-01
5.230000000000000426e+00,9.999130523710707541e-01
5.235000000000000320e+00,9.999149733540777518e-01
5.240000000000000213e+00,9.996984575479388457e-01
5.245000000000000107e+00,9.994912876675221547e-01
5.250000000000000000e+00,9.994988563915943036e-01
5.254999999999999893e+00,9.997119096363843438e-01
5.259999999999999787e+00,9.999297818183036091e-01
5.264999999999999680e+00,9.999647388450532137e-01
5.270000000000000462e+00,9.998189074365706475e-01
5.275000000000000355e+00,9.996640931668232533e-01
5.280000000000000249e+00,9.996599189683745834e-01
5.285000000000000142e+00,9.998032557457088298e-01
5.290000000000000036e+00,9.999538524534478112e-01
5.294999999999999929e+00,9.999900346997936396e-01
5.299999999999999822e+00,9.999220745625205797e-01
5.304999999999999716e+00,9.998553814904357351e-01
5.310000000000000497e+00,9.998658338872510321e-01
5.315000000000000391e+00,9.999324052647151628e-01
5.320000000000000284e+00,9.999866024034813616e-01
5.325000000000000178e+00,9.999987683037303565e-01
5.330000000000000071e+00,9.999942130029544352e-01
5.334999999999999964e+00,9.999977070306388383e-01
5.339999999999999858e+00,9.999987565132462120e-01
5.344999999999999751e+00,9.999868702036109891e-01
5.350000000000000533e+00,9.999845439940160396e-01
5.355000000000000426e+00,9.999855205406393832e-01
5.360000000000000320e+00,9.998529713852082335e-01
5.365000000000000213e+00,9.993725745035269004e-01
5.370000000000000107e+00,9.985446833429473257e-01
5.375000000000000000e+00,9.978454815136630351e-01
5.379999999999999893e+00,9.979590881733613195e-01
5.384999999999999787e+00,9.987883458398423286e-01
5.389999999999999680e+00,9.983298189291387459e-01
5.395000000000000462e+00,9.926096192182152222e-01
5.400000000000000355e+00,9.775637756775772402e-01
5.405000000000000249e+00,9.523126156684391663e-01
5.410000000000000142e+00,9.216480715892712006e-01
5.415000000000000036e+00,8.953921931107144960e-01
5.419999999999999929e+00,8.841752137746332618e-01
5.424999999999999822e+00,8.936962033164004282e-01
5.429999999999999716e+00,9.209303818637371020e-01
5.435000000000000497e+00,9.551292628146427210e-01
5.440000000000000391e+00,9.835064783413717260e-01
5.445000000000000284e+00,9.979609494608661091e-01
5.450000000000000178e+00,9.985277937371572765e-01
5.455000000000000071e+00,9.919035785763861135e-01
5.459999999999999964e+00,9.864558068579019068e-01
5.464999999999999858e+00,9.869813052551453803e-01
5.469999999999999751e+00,9.925315229154234586e-01
5.475000000000000533e+00,9.982884610161901762e-01
5.480000000000000426e+00,9.997222811508303941e-01
5.485000000000000320e+00,9.961865105112180929e-01
5.490000000000000213e+00,9.913606619525865415e-01
5.495000000000000107e+00,9.899695763392151182e-01
5.500000000000000000e+00,9.934686076192049686e-01
5.504999999999999893e+00,9.984702542055399199e-01
5.509999999999999787e+00,9.996688906901487481e-01
5.514999999999999680e+00,9.952482756407742270e-01
5.520000000000000462e+00,9.893701696869079409e-01
5.525000000000000355e+00,9.882779691440943814e-01
5.530000000000000249e+00,9.934175020203204198e-01
5.535000000000000142e+00,9.987642759418865479e-01
5.540000000000000036e+00,9.964473462405214477e-01
5.544999999999999929e+00,9.863341210779719148e-01
5.549999999999999822e+00,9.783123228356079837e-01
5.554999999999999716e+00,9.820405046484252942e-01
5.560000000000000497e+00,9.938599606067500813e-01
5.565000000000000391e+00,9.962147652379830243e-01
5.570000000000000284e+00,9.751271266095702384e-01
5.575000000000000178e+00,9.412665892206844021e-01
5.580000000000000071e+00,9.273891435862823274e-01
5.584999999999999964e+00,9.542452832403163221e-01
5.589999999999999858e+00,9.936475721051144516e-01
5.594999999999999751e+00,9.681967476656321292e-01
5.600000000000000533e+00,8.040912436169251887e-01
5.605000000000000426e+00,5.075504165089886888e-01
5.610000000000000320e+00,1.935648337886046733e-01
5.615000000000000213e+00,2.319985021577081197e-02
5.620000000000000107e+00,9.470018756661824355e-02
5.625000000000000000e+00,3.737636206253796001e-01
5.629999999999999893e+00,7.112316443428459145e-01
5.634999999999999787e+00,9.418204663896293516e-01
5.639999999999999680e+00,9.967447613193505251e-01
5.645000000000000462e+00,9.350202057469393369e-01
5.650000000000000355e+00,8.712009505598162784e-01
5.655000000000000249e+00,8.766376974978775660e-01
5.660000000000000142e+00,9.376591378658742926e-01
5.665000000000000036e+00,9.909960936667736586e-01
5.669999999999999929e+00,9.941717145497126484e-01
5.674999999999999822e+00,9.619001387026828720e-01
5.679999999999999716e+00,9.393913084943890102e-01
5.685000000000000497e+00,9.517409429799759124e-01
5.690000000000000391e+00,9.831330348140568942e-01
5.695000000000000284e+00,9.998369796316559643e-01
5.700000000000000178e+00,9.882801128512459510e-01
5.705000000000000071e+00,9.668371393188930352e-01
5.709999999999999964e+00,9.615903267734106086e-01
5.714999999999999858e+00,9.775973351600164563e-01
5.719999999999999751e+00,9.962847966216977769e-01
5.725000000000000533e+00,9.977762694253911047e-01
5.730000000000000426e+00,9.828063853144467510e-01
5.735000000000000320e+00,9.701031288023544974e-01
5.740000000000000213e+00,9.739493494840050225e-01
5.745000000000000107e+00,9.893323141161084466e-01
5.750000000000000000e+00,9.988803387120901434e-01
5.754999999999999893e+00,9.920431558284524831e-01
5.759999999999999787e+00,9.764683873363093625e-01
5.764999999999999680e+00,9.687976041959034390e-01
5.770000000000000462e+00,9.767483220151003120e-01
5.775000000000000355e+00,9.920772898049207145e-01
5.780000000000000249e+00,9.964849997136122628e-01
5.785000000000000142e+00,9.745666917190659584e-01
5.790000000000000036e+00,9.233954693160688620e-01
5.794999999999999929e+00,8.499653382565452997e-01
5.799999999999999822e+00,7.703371206247442426e-01
5.804999999999999716e+00,7.139471935135536240e-01
5.810000000000000497e+00,7.094243853147037537e-01
5.815000000000000391e+00,7.610228135463910082e-01
5.820000000000000284e+00,8.470558999606604411e-01
5.825000000000000178e+00,9.329100562002484720e-01
5.830000000000000071e+00,9.855402776866922787e-01
5.834999999999999964e+00,9.942912363789382368e-01
5.839999999999999858e+00,9.787035997260080666e-01
5.844999999999999751e+00,9.676060532762005284e-01
5.850000000000000533e+00,9.738786714919801524e-01
5.855000000000000426e+00,9.888339329943327538e-01
5.860000000000000320e+00,9.959679062951369843e-01
5.865000000000000213e+00,9.899629773761763341e-01
5.870000000000000107e+00,9.809150961922549206e-01
5.875000000000000000e+00,9.806530923302473335e-01
5.879999999999999893e+00,9.894835565896241691e-01
5.884999999999999787e+00,9.970912264382756351e-01
5.889999999999999680e+00,9.950342432719141428e-01
5.895000000000000462e+00,9.865562908432508049e-01
5.900000000000000355e+00,9.819433350013666573e-01
5.905000000000000249e+00,9.861160336328258502e-01
5.910000000000000142e+00,9.936226046161945602e-01
5.915000000000000036e+00,9.955897411662710805e-01
5.919999999999999929e+00,9.903190037883065067e-01
5.924999999999999822e+00,9.850361469806019343e-01
5.929999999999999716e+00,9.867638549138304516e-01
5.935000000000000497e+00,9.939446230727526643e-01
5.940000000000000391e+00,9.983973483128725235e-01
5.945000000000000284e+00,9.949725628069773231e-01
5.950000000000000178e+00,9.877544735506647022e-01
5.955000000000000071e+00,9.851584026133330951e-01
5.959999999999999964e+00,9.900961387944319236e-01
5.964999999999999858e+00,9.969133061998232126e-01
5.969999999999999751e+00,9.979375645691308527e-01
5.975000000000000533e+00,9.922459809833101829e-01
5.980000000000000426e+00,9.865732867524635852e-01
5.985000000000000320e+00,9.872515626685640644e-01
5.990000000000000213e+00,9.932116817443438217e-01
5.995000000000000107e+00,9.976064307525545072e-01
6.000000000000000000e+00,9.954293883948753807e-01
6.004999999999999893e+00,9.887758592602816643e-01
6.009999999999999787e+00,9.838208483928034820e-01
6.015000000000000568e+00,9.836462418405291785e-01
6.020000000000000462e+00,9.858454830455203322e-01
6.025000000000000355e+00,9.864391312234668252e-01
6.030000000000000249e+00,9.845897692554288483e-01
6.035000000000000142e+00,9.829598850312061264e-01
6.040000000000000036e+00,9.838142935668134914e-01
6.044999999999999929e+00,9.862463904480943677e-01
6.049999999999999822e+00,9.879600599711833020e-01
6.054999999999999716e+00,9.886021504176125685e-01
6.060000000000000497e+00,9.900172403418273648e-01
6.065000000000000391e+00,9.930517048809328617e-01
6.070000000000000284e+00,9.954767419944481333e-01
6.075000000000000178e+00,9.944935161622476816e-01
6.080000000000000071e+00,9.907298679768474781e-01
6.084999999999999964e+00,9.883400467242338117e-01
6.089999999999999858e+00,9.904772328448410157e-01
6.094999999999999751e+00,9.951205129142313144e-01
6.100000000000000533e+00,9.968588259832057430e-01
6.105000000000000426e+00,9.932628884693632809e-01
6.110000000000000320e+00,9.881312220351585740e-01
6.115000000000000213e+00,9.874416148531031112e-01
6.120000000000000107e+00,9.923869324373411072e-01
6.125000000000000000e+00,9.975112030106494387e-01
6.129999999999999893e+00,9.967383716236843938e-01
6.134999999999999787e+00,9.905971410934670818e-01
6.140000000000000568e+00,9.859105059405397498e-01
6.145000000000000462e+00,9.880968375785360580e-01
6.150000000000000355e+00,9.948458233938382023e-01
6.155000000000000249e+00,9.984921710301969400e-01
6.160000000000000142e+00,9.947354752597192817e-01
6.165000000000000036e+00,9.877052161904734673e-01
6.169999999999999929e+00,9.852694975707099179e-01
6.174999999999999822e+00,9.900576044385311913e-01
6.179999999999999716e+00,9.965347747437049986e-01
6.185000000000000497e+00,9.973046363965782923e-01
6.190000000000000391e+00,9.915233937761405159e-01
6.195000000000000284e+00,9.857417378387944851e-01
6.200000000000000178e+00,9.861556301136078506e-01
6.205000000000000071e+00,9.916563009631380599e-01
6.209999999999999964e+00,9.955726328726443031e-01
6.214999999999999858e+00,9.934847301670711728e-01
6.219999999999999751e+00,9.881650414328103649e-01
6.225000000000000533e+00,9.859265700474258987e-01
6.230000000000000426e+00,9.888734350300067977e-01
6.235000000000000320e+00,9.928592980533234025e-01
6.240000000000000213e+00,9.929613658573532842e-01
6.245000000000000107e+00,9.893159822095800582e-01
6.250000000000000000e+00,9.867004556688430128e-01
6.254999999999999893e+00,9.881635615357000635e-01
6.259999999999999787e+00,9.909874636997210162e-01
6.265000000000000568e+00,9.906989126689940139e-01
6.270000000000000462e+00,9.871502832445979703e-01
6.275000000000000355e+00,9.848831482368649581e-01
6.280000000000000249e+00,9.873758970118362566e-01
6.285000000000000142e+00,9.915457417976176746e-01
6.290000000000000036e+00,9.908825740160402962e-01
6.294999999999999929e+00,9.844101444081256869e-01
6.299999999999999822e+00,9.789311441762929000e-01
6.304999999999999716e+00,9.815172285514667250e-01
6.310000000000000497e+00,9.903415542964411067e-01
6.315000000000000391e+00,9.944100970099796211e-01
6.320000000000000284e+00,9.861314037559021362e-01
6.325000000000000178e+00,9.722651689264832919e-01
6.330000000000000071e+00,9.676638114220850184e-01
6.334999999999999964e+00,9.788999900197190573e-01
6.339999999999999858e+00,9.945899091511046786e-01
6.344999999999999751e+00,9.942461746326457517e-01
6.350000000000000533e+00,9.719880399687188532e-01
6.355000000000000426e+00,9.468125733970274016e-01
6.360000000000000320e+00,9.439199100955526500e-01
6.365000000000000213e+00,9.689234702146241052e-01
6.370000000000000107e+00,9.967430273722717171e-01
6.375000000000000000e+00,9.864512581498459109e-01
6.379999999999999893e+00,9.194278562874630412e-01
6.384999999999999787e+00,8.151922671209377302e-01
6.390000000000000568e+00,7.036520372912979937e-01
6.395000000000000462e+00,6.109098110071380372e-01
6.400000000000000355e+00,5.700665474180744985e-01
6.405000000000000249e+00,5.991664800066788255e-01
6.410000000000000142e+00,6.779862448010272047e-01
6.415000000000000036e+00,7.800518519579970889e-01
6.419999999999999929e+00,8.905199853894461004e-01
6.424999999999999822e+00,9.738689583801154459e-01
6.429999999999999716e+00,9.848904589282568844e-01
6.435000000000000497e+00,9.304167065534398873e-01
6.440000000000000391e+00,8.752188894742929381e-01
6.445000000000000284e+00,8.808107956809976269e-01
6.450000000000000178e+00,9.469435029890012068e-01
6.455000000000000071e+00,9.945125751822934124e-01
6.459999999999999964e+00,9.153858959548560881e-01
6.464999999999999858e+00,6.708339260360463019e-01
6.469999999999999751e+00,3.451661661942099224e-01
6.475000000000000533e+00,9.858823280210332607e-02
6.480000000000000426e+00,6.171618899856912144e-02
6.485000000000000320e+00,2.494037019951916845e-01
6.490000000000000213e+00,5.546838321469680366e-01
6.495000000000000107e+00,8.278422436809580454e-01
6.500000000000000000e+00,9.741415021211969893e-01
6.504999999999999893e+00,9.959081317993697668e-01
6.509999999999999787e+00,9.614191866573165157e-01
6.515000000000000568e+00,9.387404321604020385e-01
6.520000000000000462e+00,9.509699240440854240e-01
6.525000000000000355e+00,9.798003062053942669e-01
6.530000000000000249e+00,9.981395027082116123e-01
6.535000000000000142e+00,9.968583427497189620e-01
6.540000000000000036e+00,9.868517893860799806e-01
6.544999999999999929e+00,9.826545795021837115e-01
6.549999999999999822e+00,9.881441834376124556e-01
6.554999999999999716e+00,9.965229241700894747e-01
6.560000000000000497e+00,9.998268267485326266e-01
6.565000000000000391e+00,9.968050015321432422e-01
6.570000000000000284e+00,9.925060592950248894e-01
6.575000000000000178e+00,9.919651054239546628e-01
6.580000000000000071e+00,9.954489985624197512e-01
6.584999999999999964e+00,9.991461823206281290e-01
6.589999999999999858e+00,9.994538667610115557e-01
6.594999999999999751e+00,9.964847725856664784e-01
6.600000000000000533e+00,9.936095007675085355e-01
6.605000000000000426e+00,9.939017774595058086e-01
6.610000000000000320e+00,9.970770397959549669e-01
6.615000000000000213e+00,9.997002942239019418e-01
6.620000000000000107e+00,9.986122295714998653e-01
6.625000000000000000e+00,9.943824047436968794e-01
6.629999999999999893e+00,9.911416319126737928e-01
6.634999999999999787e+00,9.925138653431870850e-01
6.640000000000000568e+00,9.973361964514628752e-01
6.645000000000000462e+00,9.998327524208234784e-01
6.650000000000000355e+00,9.951802445196975544e-01
6.655000000000000249e+00,9.855206735773631710e-01
6.660000000000000142e+00,9.796893678661862115e-01
6.665000000000000036e+00,9.849219449990674891e-01
6.669999999999999929e+00,9.967643773842127519e-01
6.674999999999999822e+00,9.971838846136833467e-01
6.679999999999999716e+00,9.654527790201457016e-01
6.685000000000000497e+00,8.953109952257377602e-01
6.690000000000000391e+00,8.050727403182167397e-01
6.695000000000000284e+00,7.310600057156484421e-01
6.700000000000000178e+00,7.069938859792130881e-01
6.705000000000000071e+00,7.434527360461409273e-01
6.709999999999999964e+00,8.220244170186056243e-01
6.714999999999999858e+00,9.076500442536101776e-01
6.719999999999999751e+00,9.696518682157913016e-01
6.725000000000000533e+00,9.969134388030902461e-01
6.730000000000000426e+00,9.983575186345620134e-01
6.735000000000000320e+00,9.913304665516349257e-01
6.740000000000000213e+00,9.884349019828717609e-01
6.745000000000000107e+00,9.919565559407697020e-01
6.750000000000000000e+00,9.972580346448749467e-01
6.754999999999999893e+00,9.997173213438237394e-01
6.759999999999999787e+00,9.987964622487498501e-01
6.765000000000000568e+00,9.970724648743810592e-01
6.770000000000000462e+00,9.968521225130961838e-01
6.775000000000000355e+00,9.981563352175377712e-01
6.780000000000000249e+00,9.994561161515406189e-01
6.785000000000000142e+00,9.996454376573766787e-01
6.790000000000000036e+00,9.990162906428197154e-01
6.794999999999999929e+00,9.985769855693231722e-01
6.799999999999999822e+00,9.988423762592321120e-01
6.804999999999999716e+00,9.994393062091402324e-01
6.810000000000000497e+00,9.997206420164936880e-01
6.815000000000000391e+00,9.995158834737087883e-01
6.820000000000000284e+00,9.992065496683664172e-01
6.825000000000000178e+00,9.992006485807537475e-01
6.830000000000000071e+00,9.994893404065798848e-01
6.834999999999999964e+00,9.997354182657606225e-01
6.839999999999999858e+00,9.996961474879921816e-01
6.844999999999999751e+00,9.994705226135141007e-01
6.850000000000000533e+00,9.993423525285458631e-01
6.855000000000000426e+00,9.994547579009847027e-01
6.860000000000000320e+00,9.996791792669805776e-01
6.865000000000000213e+00,9.997786673961664983e-01
6.870000000000000107e+00,9.996580074057828114e-01
6.875000000000000000e+00,9.994465062853938875e-01
6.879999999999999893e+00,9.993576306057929681e-01
6.884999999999999787e+00,9.994776048290300308e-01
6.890000000000000568e+00,9.996761433690508625e-01
6.895000000000000462e+00,9.997169782232888657e-01
6.900000000000000355e+00,9.994830476008746967e-01
6.905000000000000249e+00,9.991250872640073943e-01
6.910000000000000142e+00,9.989718332465183925e-01
6.915000000000000036e+00,9.992219314423085308e-01
6.919999999999999929e+00,9.996581316048036570e-01
6.924999999999999822e+00,9.996783065007559532e-01
6.929999999999999716e+00,9.987117910430207690e-01
6.935000000000000497e+00,9.967285517012633989e-01
6.940000000000000391e+00,9.943962370086567581e-01
6.945000000000000284e+00,9.927061202831811704e-01
6.950000000000000178e+00,9.923529356928622036e-01
6.955000000000000071e+00,9.933558185716805378e-01
6.959999999999999964e+00,9.951669861264580419e-01
6.964999999999999858e+00,9.970896191275624432e-01
6.969999999999999751e+00,9.986216404778884836e-01
6.975000000000000533e+00,9.995321060922143230e-01
6.980000000000000426e+00,9.997999844673450820e-01
6.985000000000000320e+00,9.995989655040102839e-01
6.990000000000000213e+00,9.992900214393737324e-01
6.995000000000000107e+00,9.992504770954134807e-01
7.000000000000000000e+00,9.995503843651556419e-01
7.004999999999999893e+00,9.997765255385213656e-01
7.009999999999999787e+00,9.992926349658717289e-01
7.015000000000000568e+00,9.978215589434564770e-01
7.020000000000000462e+00,9.958403420743067169e-01
7.025000000000000355e+00,9.943588940740838433e-01
7.030000000000000249e+00,9.942046863336659879e-01
7.035000000000000142e+00,9.954194122173551929e-01
7.040000000000000036e+00,9.972783610576914093e-01
7.044999999999999929e+00,9.988723488917413684e-01
7.049999999999999822e+00,9.997189704890760975e-01
7.054999999999999716e+00,9.999226930353057874e-01
7.060000000000000497e+00,9.998726690227630609e-01
7.065000000000000391e+00,9.998547838666593801e-01
7.070000000000000284e+00,9.999133107551319011e-01
7.075000000000000178e+00,9.999697770218740622e-01
7.080000000000000071e+00,9.999801322990862218e-01
7.084999999999999964e+00,9.999690765039610518e-01
7.089999999999999858e+00,9.999703381984010875e-01
7.094999999999999751e+00,9.999845826995447107e-01
7.100000000000000533e+00,9.999954854624808487e-01
7.105000000000000426e+00,9.999980633489169435e-01
7.110000000000000320e+00,9.999985375980395830e-01
7.115000000000000213e+00,9.999997690150108642e-01
7.120000000000000107e+00,9.999997720843969429e-01
7.125000000000000000e+00,9.999988102212353791e-01
7.129999999999999893e+00,9.999973344621919669e-01
7.134999999999999787e+00,9.999908181510579475e-01
7.140000000000000568e+00,9.999776854112809588e-01
7.145000000000000462e+00,9.999687756536674854e-01
7.150000000000000355e+00,9.999726717188822667e-01
7.155000000000000249e+00,9.999707245534690259e-01
7.160000000000000142e+00,9.999311733042465233e-01
7.165000000000000036e+00,9.998643713133705813e-01
7.169999999999999929e+00,9.998372141369558097e-01
7.174999999999999822e+00,9.998877735994401439e-01
7.179999999999999716e+00,9.999309672653111658e-01
7.185000000000000497e+00,9.998213597489860049e-01
7.190000000000000391e+00,9.995631953011752113e-01
7.195000000000000284e+00,9.993981048651379151e-01
7.200000000000000178e+00,9.995522362504649649e-01
7.205000000000000071e+00,9.998614693151915978e-01
7.209999999999999964e+00,9.998059798868095260e-01
7.214999999999999858e+00,9.991164845687792173e-01
7.219999999999999751e+00,9.983086961306230078e-01
7.225000000000000533e+00,9.983017445193127504e-01
7.230000000000000426e+00,9.992536935633047346e-01
7.235000000000000320e+00,9.999599054005959831e-01
7.240000000000000213e+00,9.989527965810478527e-01
7.245000000000000107e+00,9.964803011539816735e-01
7.250000000000000000e+00,9.948994503537871292e-01
7.254999999999999893e+00,9.962502492860024761e-01
7.259999999999999787e+00,9.992226723276527167e-01
7.265000000000000568e+00,9.994756431959215259e-01
7.270000000000000462e+00,9.943595761560730661e-01
7.275000000000000355e+00,9.873642761783941735e-01
7.280000000000000249e+00,9.858879648637561832e-01
7.285000000000000142e+00,9.925802520917419436e-01
7.290000000000000036e+00,9.991706229591247324e-01
7.294999999999999929e+00,9.921640611082132022e-01
7.299999999999999822e+00,9.689507534053302118e-01
7.304999999999999716e+00,9.474121334628102797e-01
7.310000000000000497e+00,9.517406229813675234e-01
7.315000000000000391e+00,9.815195182883140745e-01
7.320000000000000284e+00,9.918952820471056420e-01
7.325000000000000178e+00,9.104381405668371396e-01
7.330000000000000071e+00,6.986197671992590008e-01
7.334999999999999964e+00,4.138271674499910957e-01
7.339999999999999858e+00,1.873299977907353364e-01
7.344999999999999751e+00,1.270790988853965353e-01
7.350000000000000533e+00,2.619881426671460956e-01
7.355000000000000426e+00,5.411133210511591685e-01
7.360000000000000320e+00,8.197155082888165634e-01
7.365000000000000213e+00,9.191961210047983055e-01
7.370000000000000107e+00,8.015828138547236303e-01
7.375000000000000000e+00,6.033714627471760128e-01
7.379999999999999893e+00,4.428362958915966208e-01
7.384999999999999787e+00,3.354931879852074417e-01
7.390000000000000568e+00,3.110952951163621916e-01
7.395000000000000462e+00,4.191218459597507717e-01
7.400000000000000355e+00,6.138775533534340800e-01
7.405000000000000249e+00,7.919677313934164742e-01
7.410000000000000142e+00,9.098862782887894296e-01
7.415000000000000036e+00,9.714326540427145051e-01
7.419999999999999929e+00,9.777600860878714606e-01
7.424999999999999822e+00,9.473146825005178684e-01
7.429999999999999716e+00,9.202916338129207841e-01
7.435000000000000497e+00,9.232514147328620968e-01
7.440000000000000391e+00,9.540158061800831923e-01
7.445000000000000284e+00,9.880134809350050729e-01
7.450000000000000178e+00,9.971534801733253905e-01
7.455000000000000071e+00,9.782668758157484490e-01
7.459999999999999964e+00,9.557510205952667315e-01
7.464999999999999858e+00,9.535739097129810604e-01
7.469999999999999751e+00,9.732830907940128728e-01
7.475000000000000533e+00,9.950994690467789283e-01
7.480000000000000426e+00,9.981795652822080811e-01
7.485000000000000320e+00,9.825980963063740692e-01
7.490000000000000213e+00,9.673803907625818654e-01
7.495000000000000107e+00,9.683896100154740783e-01
7.500000000000000000e+00,9.834625381494871421e-01
7.504999999999999893e+00,9.966394625247897432e-01
7.509999999999999787e+00,9.952440842952497979e-01
7.515000000000000568e+00,9.829793265167661165e-01
7.520000000000000462e+00,9.740322837192726402e-01
7.525000000000000355e+00,9.769992861301723952e-01
7.530000000000000249e+00,9.877023023263926671e-01
7.535000000000000142e+00,9.948318749026814345e-01
7.540000000000000036e+00,9.914803430509827598e-01
7.544999999999999929e+00,9.815999646939108647e-01
7.549999999999999822e+00,9.745469234943704429e-01
7.554999999999999716e+00,9.760918543080641108e-01
7.560000000000000497e+00,9.847418397995564288e-01
7.565000000000000391e+00,9.916190719548556576e-01
7.570000000000000284e+00,9.834515158728521778e-01
7.575000000000000178e+00,9.483303689145200499e-01
7.580000000000000071e+00,8.822406314160753382e-01
7.584999999999999964e+00,7.979614952445940323e-01
7.589999999999999858e+00,7.270398889016451704e-01
7.594999999999999751e+00,7.031018117269463019e-01
7.600000000000000533e+00,7.394713334831275464e-01
7.605000000000000426e+00,8.205405774852083667e-01
7.610000000000000320e+00,9.092241712192400405e-01
7.615000000000000213e+00,9.687207775277857369e-01
7.620000000000000107e+00,9.874194323110407900e-01
7.625000000000000000e+00,9.814994265014163055e-01
7.629999999999999893e+00,9.743177788544892248e-01
7.634999999999999787e+00,9.769870550103436635e-01
7.640000000000000568e+00,9.848551576435689014e-01
7.645000000000000462e+00,9.883565857863167992e-01
7.650000000000000355e+00,9.857443313742084712e-01
7.655000000000000249e+00,9.833837390677950818e-01
7.660000000000000142e+00,9.861312249748186431e-01
7.665000000000000036e+00,9.914382653089709452e-01
7.669999999999999929e+00,9.929713992100570596e-01
7.674999999999999822e+00,9.888500464739111706e-01
7.679999999999999716e+00,9.843856804960000595e-01
7.685000000000000497e+00,9.855076614324683737e-01
7.690000000000000391e+00,9.915550549633718180e-01
7.695000000000000284e+00,9.960099200073063708e-01
7.700000000000000178e+00,9.939152431688215161e-01
7.705000000000000071e+00,9.877562349844650758e-01
7.709999999999999964e+00,9.846593695788998790e-01
7.714999999999999858e+00,9.881832426054451002e-01
7.719999999999999751e+00,9.945541666192727615e-01
7.725000000000000533e+00,9.969734715830240734e-01
7.730000000000000426e+00,9.930561481116895184e-01
7.735000000000000320e+00,9.873431462736232955e-01
7.740000000000000213e+00,9.860001120921330076e-01
7.745000000000000107e+00,9.902604719049982185e-01
7.750000000000000000e+00,9.956977471653531975e-01
7.754999999999999893e+00,9.970294425244379255e-01
7.759999999999999787e+00,9.932238220054045996e-01
7.765000000000000568e+00,9.878006230965608037e-01
7.770000000000000462e+00,9.847375210064196471e-01
7.775000000000000355e+00,9.852346079259787226e-01
7.780000000000000249e+00,9.879838659651076771e-01
7.785000000000000142e+00,9.911705246565314376e-01
7.790000000000000036e+00,9.935728518421357292e-01
7.794999999999999929e+00,9.942978710214669391e-01
7.799999999999999822e+00,9.929766548955858418e-01
7.805000000000000604e+00,9.906320408970878955e-01
7.810000000000000497e+00,9.894402339963568327e-01
7.815000000000000391e+00,9.909275743024159588e-01
7.820000000000000284e+00,9.939626473797882333e-01
7.825000000000000178e+00,9.952370511133963316e-01
7.830000000000000071e+00,9.928412263033683516e-01
7.834999999999999964e+00,9.886223093249495442e-01
7.839999999999999858e+00,9.861067883847235427e-01
7.844999999999999751e+00,9.862914117737038300e-01
7.850000000000000533e+00,9.860800792692232530e-01
7.855000000000000426e+00,9.820666943258848924e-01
7.860000000000000320e+00,9.755950264514231529e-01
7.865000000000000213e+00,9.722949343307754067e-01
7.870000000000000107e+00,9.763337278401585939e-01
7.875000000000000000e+00,9.854051760961712869e-01
7.879999999999999893e+00,9.919463635438152682e-01
7.884999999999999787e+00,9.907924546932995735e-01
7.890000000000000568e+00,9.850567705244850369e-01
7.895000000000000462e+00,9.827436546469936474e-01
7.900000000000000355e+00,9.879297002590066157e-01
7.905000000000000249e+00,9.960917794355794719e-01
7.910000000000000142e+00,9.987985929419846975e-01
7.915000000000000036e+00,9.932997108222134663e-01
7.919999999999999929e+00,9.858312510901074965e-01
7.924999999999999822e+00,9.846064696202119215e-01
7.930000000000000604e+00,9.908367462839349216e-01
7.935000000000000497e+00,9.975075718853370077e-01
7.940000000000000391e+00,9.972173109878070818e-01
7.945000000000000284e+00,9.905546491026100409e-01
7.950000000000000178e+00,9.851669501028335052e-01
7.955000000000000071e+00,9.868376828255043254e-01
7.959999999999999964e+00,9.932105361305610947e-01
7.964999999999999858e+00,9.968348317369869482e-01
7.969999999999999751e+00,9.937813526206004111e-01
7.975000000000000533e+00,9.879875084922926654e-01
7.980000000000000426e+00,9.862045548346378698e-01
7.985000000000000320e+00,9.899416098521183205e-01
7.990000000000000213e+00,9.941898920334677481e-01
7.995000000000000107e+00,9.937623488777314051e-01
8.000000000000000000e+00,9.894521690606749020e-01
8.005000000000000782e+00,9.868394068079465731e-01
8.009999999999999787e+00,9.890555480622507112e-01
8.015000000000000568e+00,9.927838796461441184e-01
8.019999999999999574e+00,9.927551958966120971e-01
8.025000000000000355e+00,9.885785720524837838e-01
8.029999999999999361e+00,9.854610152856773109e-01
8.035000000000000142e+00,9.877962562707313099e-01
8.040000000000000924e+00,9.929376451671871884e-01
8.044999999999999929e+00,9.938827348828813690e-01
8.050000000000000711e+00,9.883014476980278573e-01
8.054999999999999716e+00,9.820901439832275814e-01
8.060000000000000497e+00,9.829499387116875653e-01
8.064999999999999503e+00,9.908311862764105360e-01
8.070000000000000284e+00,9.964161927766531646e-01
8.074999999999999289e+00,9.917374518885878620e-01
8.080000000000000071e+00,9.806165335139267469e-01
8.085000000000000853e+00,9.752476912126488706e-01
8.089999999999999858e+00,9.825985783137152207e-01
8.095000000000000639e+00,9.951039573587048270e-01
8.099999999999999645e+00,9.974163978662697883e-01
8.105000000000000426e+00,9.845244435578728304e-01
8.109999999999999432e+00,9.692036550198224187e-01
8.115000000000000213e+00,9.685339620341668621e-01
8.120000000000000995e+00,9.844465023315500662e-01
8.125000000000000000e+00,9.989197910525707824e-01
8.130000000000000782e+00,9.924033882545957308e-01
8.134999999999999787e+00,9.680243272668699328e-01
8.140000000000000568e+00,9.507882324510352756e-01
8.144999999999999574e+00,9.605264605460499538e-01
8.150000000000000355e+00,9.877815139532706290e-01
8.154999999999999361e+00,9.983824482845713444e-01
8.160000000000000142e+00,9.694341892688128626e-01
8.165000000000000924e+00,9.212777349477836442e-01
8.169999999999999929e+00,9.021521514334666092e-01
8.175000000000000711e+00,9.370545752421670649e-01
8.179999999999999716e+00,9.898218989340711316e-01
8.185000000000000497e+00,9.744677406276719411e-01
8.189999999999999503e+00,8.242652987027763167e-01
8.195000000000000284e+00,5.654287460209357352e-01
8.199999999999999289e+00,3.116262078721063755e-01
8.205000000000000071e+00,1.859830148929289551e-01
8.210000000000000853e+00,2.489425799905526371e-01
8.214999999999999858e+00,4.658907877602099790e-01
8.220000000000000639e+00,7.239042457378858098e-01
8.224999999999999645e+00,9.083167863586610880e-01
8.230000000000000426e+00,9.802524079239238741e-01
8.234999999999999432e+00,9.777393043891351443e-01
8.240000000000000213e+00,9.595778958905190059e-01
8.245000000000000995e+00,9.593489576624938397e-01
8.250000000000000000e+00,9.747317917099983520e-01
8.255000000000000782e+00,9.858060195750919519e-01
8.259999999999999787e+00,9.827886310758311428e-01
8.265000000000000568e+00,9.747554637742610328e-01
8.269999999999999574e+00,9.749439886731979810e-01
8.275000000000000355e+00,9.851424822042641471e-01
8.279999999999999361e+00,9.944990773403419304e-01
8.285000000000000142e+00,9.911771375998040812e-01
8.290000000000000924e+00,9.757933784019234835e-01
8.294999999999999929e+00,9.623727227216980484e-01
8.300000000000000711e+00,9.646708679019064814e-01
8.304999999999999716e+00,9.818824122696185874e-01
8.310000000000000497e+00,9.971045454373388406e-01
8.314999999999999503e+00,9.905963860197504189e-01
8.320000000000000284e+00,9.588642568498779717e-01
8.324999999999999289e+00,9.226356201657797129e-01
8.330000000000000071e+00,9.125845528218599068e-01
8.335000000000000853e+00,9.419050787736544805e-01
8.339999999999999858e+00,9.870538114442294342e-01
8.345000000000000639e+00,9.927241108724395025e-01
8.349999999999999645e+00,9.043541306880854558e-01
8.355000000000000426e+00,7.104264091388501345e-01
8.359999999999999432e+00,4.601479961328689972e-01
8.365000000000000213e+00,2.418856678768951385e-01
8.370000000000000995e+00,1.414481907842087272e-01
8.375000000000000000e+00,2.007263743979735282e-01
8.380000000000000782e+00,3.925092503995205040e-01
8.384999999999999787e+00,6.348577201198768449e-01
8.390000000000000568e+00,8.412917607026567657e-01
8.394999999999999574e+00,9.632774927225637995e-01
8.400000000000000355e+00,9.991771919104946997e-01
8.404999999999999361e+00,9.813945166018664956e-01
8.410000000000000142e+00,9.533179829532554272e-01
8.415000000000000924e+00,9.443099519105599970e-01
8.419999999999999929e+00,9.588089355302538142e-01
8.425000000000000711e+00,9.831007964864948434e-01
8.429999999999999716e+00,9.987239748039600240e-01
8.435000000000000497e+00,9.957966947740609642e-01
8.439999999999999503e+00,9.801948748905837672e-01
8.445000000000000284e+00,9.677805858205732470e-01
8.449999999999999289e+00,9.708426115028337966e-01
8.455000000000000071e+00,9.873543879801518486e-01
8.460000000000000853e+00,9.987896947604355535e-01
8.464999999999999858e+00,9.806178287364126778e-01
8.470000000000000639e+00,9.213195238498772532e-01
8.474999999999999645e+00,8.339767948307359458e-01
8.480000000000000426e+00,7.512047034949838054e-01
8.484999999999999432e+00,7.086306910781816626e-01
8.490000000000000213e+00,7.255557322068357795e-01
8.495000000000000995e+00,7.929698207475185390e-01
8.500000000000000000e+00,8.791852564930396907e-01
8.505000000000000782e+00,9.502556597500488866e-01
8.509999999999999787e+00,9.886992593242645011e-01
8.515000000000000568e+00,9.978696672852921390e-01
8.519999999999999574e+00,9.930598707004629766e-01
8.525000000000000355e+00,9.885895267008852905e-01
8.529999999999999361e+00,9.899194581940689019e-01
8.535000000000000142e+00,9.944765875739642880e-01
8.540000000000000924e+00,9.977670546839207955e-01
8.544999999999999929e+00,9.981736450839978625e-01
8.550000000000000711e+00,9.971709469712246587e-01
8.554999999999999716e+00,9.967367596494924875e-01
8.560000000000000497e+00,9.973602081074912640e-01
8.564999999999999503e+00,9.982375745886985507e-01
8.570000000000000284e+00,9.986375988850386687e-01
8.575000000000001066e+00,9.986030750865406702e-01
8.580000000000000071e+00,9.985414577733884300e-01
8.585000000000000853e+00,9.986222412718102071e-01
8.589999999999999858e+00,9.987340129588160309e-01
8.595000000000000639e+00,9.988111061257064494e-01
8.599999999999999645e+00,9.989289351175361098e-01
8.605000000000000426e+00,9.990788860694786999e-01
8.609999999999999432e+00,9.990903745144801285e-01
8.615000000000000213e+00,9.989028943865339016e-01
8.620000000000000995e+00,9.987660610446291720e-01
8.625000000000000000e+00,9.989480381444530988e-01
8.630000000000000782e+00,9.992520119429342262e-01
8.634999999999999787e+00,9.990903142179403673e-01
8.640000000000000568e+00,9.982529527512318257e-01
8.644999999999999574e+00,9.974711092026196102e-01
8.650000000000000355e+00,9.978115953667718863e-01
8.654999999999999361e+00,9.992046676057528831e-01
8.660000000000000142e+00,9.996881925734137919e-01
8.665000000000000924e+00,9.966134812345055494e-01
8.669999999999999929e+00,9.891252134663059969e-01
8.675000000000000711e+00,9.796429082854443138e-01
8.679999999999999716e+00,9.727017085256514095e-01
8.685000000000000497e+00,9.718924782884977853e-01
8.689999999999999503e+00,9.773874642182754924e-01
8.695000000000000284e+00,9.860331724363267103e-01
8.700000000000001066e+00,9.937765869616588255e-01
8.705000000000000071e+00,9.982659155534456819e-01
8.710000000000000853e+00,9.996417249407081318e-01
8.714999999999999858e+00,9.994461599881445668e-01
8.720000000000000639e+00,9.990740962928247315e-01
8.724999999999999645e+00,9.990474562459239483e-01
8.730000000000000426e+00,9.992628103173235576e-01
8.734999999999999432e+00,9.995148801361852797e-01
8.740000000000000213e+00,9.997065030126521812e-01
8.745000000000000995e+00,9.997816840920576986e-01
8.750000000000000000e+00,9.996982997988754782e-01
8.755000000000000782e+00,9.995172064121614630e-01
8.759999999999999787e+00,9.994184176102829387e-01
8.765000000000000568e+00,9.995379642903043926e-01
8.769999999999999574e+00,9.997924920743549437e-01
8.775000000000000355e+00,9.999149738281910560e-01
8.779999999999999361e+00,9.996831500412723948e-01
8.785000000000000142e+00,9.991038709174862031e-01
8.790000000000000924e+00,9.983859964923593733e-01
8.794999999999999929e+00,9.977788623354496567e-01
8.800000000000000711e+00,9.974575299682382212e-01
8.804999999999999716e+00,9.975089113925879047e-01
8.810000000000000497e+00,9.979343148205976899e-01
8.814999999999999503e+00,9.986166374141121072e-01
8.820000000000000284e+00,9.993201631564534448e-01
8.825000000000001066e+00,9.998002958486207348e-01
8.830000000000000071e+00,9.999635041285610537e-01
8.835000000000000853e+00,9.999186605412984097e-01
8.839999999999999858e+00,9.998562098036029022e-01
8.845000000000000639e+00,9.998783721640593924e-01
8.849999999999999645e+00,9.999496755874772713e-01
8.855000000000000426e+00,9.999899571835136891e-01
8.859999999999999432e+00,9.999786546622787542e-01
8.865000000000000213e+00,9.999578147105496750e-01
8.870000000000000995e+00,9.999628708277219502e-01
8.875000000000000000e+00,9.999846740410880397e-01
8.880000000000000782e+00,9.999980300713489090e-01
8.884999999999999787e+00,9.999986442741790604e-01
8.890000000000000568e+00,9.999980499262803857e-01
8.894999999999999574e+00,9.999997801928601771e-01
8.900000000000000355e+00,9.999994339430660073e-01
8.904999999999999361e+00,9.999988129922172675e-01
8.910000000000000142e+00,9.999993593569853623e-01
8.915000000000000924e+00,9.999873514355159809e-01
8.919999999999999929e+00,9.999530377254530755e-01
8.925000000000000711e+00,9.999257778393724205e-01
8.929999999999999716e+00,9.999491493624128591e-01
8.935000000000000497e+00,9.999949516914395931e-01
8.939999999999999503e+00,9.999486634906536997e-01
8.945000000000000284e+00,9.997560533924751969e-01
8.950000000000001066e+00,9.995717181719918631e-01
8.955000000000000071e+00,9.996349505446060490e-01
8.960000000000000853e+00,9.999076014036134552e-01
8.964999999999999858e+00,9.999474141588892140e-01
8.970000000000000639e+00,9.993790135702791400e-01
8.974999999999999645e+00,9.985427018392049048e-01
8.980000000000000426e+00,9.983674613705486589e-01
8.984999999999999432e+00,9.992234136963963342e-01
8.990000000000000213e+00,9.999913126973359878e-01
8.995000000000000995e+00,9.989285443521773722e-01
9.000000000000000000e+00,9.959948527617146219e-01
9.005000000000000782e+00,9.938780309214507724e-01
9.009999999999999787e+00,9.954077533744445372e-01
9.015000000000000568e+00,9.991786275194962652e-01
9.019999999999999574e+00,9.988900225547104883e-01
9.025000000000000355e+00,9.896173537026147216e-01
9.029999999999999361e+00,9.760602784084910777e-01
9.035000000000000142e+00,9.719650060629629884e-01
9.040000000000000924e+00,9.854057305667087707e-01
9.044999999999999929e+00,9.999381399935876047e-01
9.050000000000000711e+00,9.724291129267654821e-01
9.054999999999999716e+00,8.598084744796102852e-01
9.060000000000000497e+00,6.609864811972389065e-01
9.064999999999999503e+00,4.389865392961630475e-01
9.070000000000000284e+00,2.959772080745974865e-01
9.075000000000001066e+00,3.102033283795860852e-01
9.080000000000000071e+00,4.795734545731942799e-01
9.085000000000000853e+00,7.181611948572809156e-01
9.089999999999999858e+00,9.126002741764676074e-01
9.095000000000000639e+00,9.961316462152169926e-01
9.099999999999999645e+00,9.830582397080835921e-01
9.105000000000000426e+00,9.406453077048111400e-01
9.109999999999999432e+00,9.279111577431613522e-01
9.115000000000000213e+00,9.544429530143395679e-01
9.120000000000000995e+00,9.887805685270074640e-01
9.125000000000000000e+00,9.992596047681693294e-01
9.130000000000000782e+00,9.845400911015322887e-01
9.134999999999999787e+00,9.681965696865337812e-01
9.140000000000000568e+00,9.700078659145807691e-01
9.144999999999999574e+00,9.865206544470257466e-01
9.150000000000000355e+00,9.988660825705868440e-01
9.154999999999999361e+00,9.954371657268865636e-01
9.160000000000000142e+00,9.833515991362137276e-01
9.165000000000000924e+00,9.781401523663213471e-01
9.169999999999999929e+00,9.856602405014496249e-01
9.175000000000000711e+00,9.967107943380795199e-01
9.179999999999999716e+00,9.989088192803257105e-01
9.185000000000000497e+00,9.910003172808716787e-01
9.189999999999999503e+00,9.833003609352997110e-01
9.195000000000000284e+00,9.850541482707453333e-01
9.200000000000001066e+00,9.940213122187391281e-01
9.205000000000000071e+00,9.997117678986547906e-01
9.210000000000000853e+00,9.958443159714518433e-01
9.214999999999999858e+00,9.873838225361879495e-01
9.220000000000000639e+00,9.843065222342921583e-01
9.224999999999999645e+00,9.900610209589588706e-01
9.230000000000000426e+00,9.979820004176760406e-01
9.234999999999999432e+00,9.990490141269913194e-01
9.240000000000000213e+00,9.920541101539093187e-01
9.245000000000000995e+00,9.846985737258442395e-01
9.250000000000000000e+00,9.846992693602064639e-01
9.255000000000000782e+00,9.916195711593243090e-01
9.259999999999999787e+00,9.978474133095166509e-01
9.265000000000000568e+00,9.966213065926776693e-01
9.269999999999999574e+00,9.887562741830344670e-01
9.275000000000000355e+00,9.811627829693280178e-01
9.279999999999999361e+00,9.796970026691934619e-01
9.285000000000000142e+00,9.847543215255940563e-01
9.290000000000000924e+00,9.916729342831126504e-01
9.294999999999999929e+00,9.936904852525262344e-01
9.300000000000000711e+00,9.861180474526074491e-01
9.304999999999999716e+00,9.692683343032175713e-01
9.310000000000000497e+00,9.504025709859285076e-01
9.314999999999999503e+00,9.433144681809508825e-01
9.320000000000000284e+00,9.578756532504459908e-01
9.325000000000001066e+00,9.838089445797602028e-01
9.330000000000000071e+00,9.854091121347483551e-01
9.335000000000000853e+00,9.161341946427927763e-01
9.339999999999999858e+00,7.508157957112185921e-01
9.345000000000000639e+00,5.134679805799747809e-01
9.349999999999999645e+00,2.752409817140914483e-01
9.355000000000000426e+00,1.311954129018260695e-01
9.359999999999999432e+00,1.570823765221392998e-01
9.365000000000000213e+00,3.364839261238879442e-01
9.370000000000000995e+00,5.404778449743109503e-01
9.375000000000000000e+00,6.535410365339048289e-01
9.380000000000000782e+00,6.903127483085718108e-01
9.384999999999999787e+00,7.238686494192335674e-01
9.390000000000000568e+00,7.745587974116591168e-01
9.394999999999999574e+00,8.244073799919771073e-01
9.400000000000000355e+00,8.729710821306019275e-01
9.404999999999999361e+00,9.248682854171521583e-01
9.410000000000000142e+00,9.653583821928339859e-01
9.415000000000000924e+00,9.804834908158719387e-01
9.419999999999999929e+00,9.741852284190797295e-01
9.425000000000000711e+00,9.603646773248686319e-01
9.429999999999999716e+00,9.528856302672343848e-01
9.435000000000000497e+00,9.591276526119567603e-01
9.439999999999999503e+00,9.748976115234571083e-01
9.445000000000000284e+00,9.882582814082598865e-01
9.450000000000001066e+00,9.901640960331055119e-01
9.455000000000000071e+00,9.815255379077647557e-01
9.460000000000000853e+00,9.718264210031903882e-01
9.464999999999999858e+00,9.706631793219888671e-01
9.470000000000000639e+00,9.791994855622648819e-01
9.474999999999999645e+00,9.899445688897865470e-01
9.480000000000000426e+00,9.942613085634837145e-01
9.484999999999999432e+00,9.894204499947791831e-01
9.490000000000000213e+00,9.793714474171388851e-01
9.495000000000000995e+00,9.696305039117958380e-01
9.500000000000000000e+00,9.620714712646702971e-01
9.505000000000000782e+00,9.556555005276211601e-01
9.509999999999999787e+00,9.509451036377735145e-01
9.515000000000000568e+00,9.510162971070563742e-01
9.519999999999999574e+00,9.578831444634618997e-01
9.525000000000000355e+00,9.697434476470901954e-01
9.529999999999999361e+00,9.817161816761100779e-01
9.535000000000000142e+00,9.891408960487440005e-01
9.540000000000000924e+00,9.909594949086611981e-01
9.544999999999999929e+00,9.895999286533739836e-01
9.550000000000000711e+00,9.877935120294711879e-01
9.554999999999999716e+00,9.867942194590557659e-01
9.560000000000000497e+00,9.869689787727629060e-01
9.564999999999999503e+00,9.885081452469023366e-01
9.570000000000000284e+00,9.911513494426024140e-01
9.575000000000001066e+00,9.932751053761208482e-01
9.580000000000000071e+00,9.925734931624152768e-01
9.585000000000000853e+00,9.890340631254332937e-01
9.589999999999999858e+00,9.860447954442133067e-01
9.595000000000000639e+00,9.872393269706323249e-01
9.599999999999999645e+00,9.923529823003639505e-01
9.605000000000000426e+00,9.965074514425650287e-01
9.609999999999999432e+00,9.949091350578082027e-01
9.615000000000000213e+00,9.887213614784196025e-01
9.620000000000000995e+00,9.844819815598383483e-01
9.625000000000000000e+00,9.871619308614947297e-01
9.630000000000000782e+00,9.945198501836551852e-01
9.634999999999999787e+00,9.988033108970816309e-01
9.640000000000000568e+00,9.950661830849465428e-01
9.644999999999999574e+00,9.871545790043867452e-01
9.650000000000000355e+00,9.836772048001289903e-01
9.654999999999999361e+00,9.886061839127011641e-01
9.660000000000000142e+00,9.968246268009332001e-01
9.665000000000000924e+00,9.993601775895901707e-01
9.669999999999999929e+00,9.933955791416355652e-01
9.675000000000000711e+00,9.855701333114336160e-01
9.679999999999999716e+00,9.844257949956127796e-01
9.685000000000000497e+00,9.910809122518234870e-01
9.689999999999999503e+00,9.981288263951623163e-01
9.695000000000000284e+00,9.978163375856743400e-01
9.700000000000001066e+00,9.907996044156379689e-01
9.705000000000000071e+00,9.851007996002378864e-01
9.710000000000000853e+00,9.867555407583199489e-01
9.714999999999999858e+00,9.933657255684611442e-01
9.720000000000000639e+00,9.971559961721464527e-01
9.724999999999999645e+00,9.939031745539379514e-01
9.730000000000000426e+00,9.876389101784377456e-01
9.734999999999999432e+00,9.854673421233601793e-01
9.740000000000000213e+00,9.892563446234788893e-01
9.745000000000000995e+00,9.940792666095672470e-01
9.750000000000000000e+00,9.943481168770930134e-01
9.755000000000000782e+00,9.903563397409579361e-01
9.759999999999999787e+00,9.875493003155155769e-01
9.765000000000000568e+00,9.893660931994191499e-01
9.769999999999999574e+00,9.930186261639707412e-01
9.775000000000000355e+00,9.933998211621191121e-01
9.779999999999999361e+00,9.896996375574503846e-01
9.785000000000000142e+00,9.866405040503147816e-01
9.790000000000000924e+00,9.885509397884630900e-01
9.794999999999999929e+00,9.932735755556670876e-01
9.800000000000000711e+00,9.943693043801269393e-01
9.804999999999999716e+00,9.893859580068733450e-01
9.810000000000000497e+00,9.835609212345519659e-01
9.814999999999999503e+00,9.841654147364895522e-01
9.820000000000000284e+00,9.914009579178335585e-01
9.825000000000001066e+00,9.967080253627476072e-01
9.830000000000000071e+00,9.924499632295535889e-01
9.835000000000000853e+00,9.818594808377851813e-01
9.839999999999999858e+00,9.764248571106424190e-01
9.845000000000000639e+00,9.830947787106303348e-01
9.849999999999999645e+00,9.949440364193922193e-01
9.855000000000000426e+00,9.971645905180680503e-01
9.859999999999999432e+00,9.843841078007777856e-01
9.865000000000000213e+00,9.687676754863189243e-01
9.870000000000000995e+00,9.677670711757411226e-01
9.875000000000000000e+00,9.840917303206832001e-01
9.880000000000000782e+00,9.990434130560812420e-01
9.884999999999999787e+00,9.904337861469113546e-01
9.890000000000000568e+00,9.596689968182097186e-01
9.894999999999999574e+00,9.353602169157049229e-01
9.900000000000000355e+00,9.454128161109955908e-01
9.904999999999999361e+00,9.828708465177613540e-01
9.910000000000000142e+00,9.975121798114391369e-01
9.915000000000000924e+00,9.311291869585953673e-01
9.919999999999999929e+00,7.726689044450907318e-01
9.925000000000000711e+00,5.778148850159524619e-01
9.929999999999999716e+00,4.359115596084545130e-01
9.935000000000000497e+00,4.164979466567529376e-01
9.939999999999999503e+00,5.266608158645238458e-01
9.945000000000000284e+00,7.052318794801569757e-01
9.950000000000001066e+00,8.675324059557568690e-01
9.955000000000000071e+00,9.630840652359421439e-01
9.960000000000000853e+00,9.934456123592922960e-01
9.964999999999999858e+00,9.895853207227800485e-01
9.970000000000000639e+00,9.815903867765030100e-01
9.974999999999999645e+00,9.819018325569446315e-01
9.980000000000000426e+00,9.873091800073057200e-01
9.984999999999999432e+00,9.915438959964714138e-01
9.990000000000000213e+00,9.932264104074562949e-01
9.995000000000000995e+00,9.942703112979043301e-01
1.000000000000000000e+01,9.955535381827944619e-01
1.000500000000000078e+01,9.959330229443802418e-01
1.000999999999999979e+01,9.945921717257852901e-01
1.001500000000000057e+01,9.928663700568145511e-01
1.001999999999999957e+01,9.929410234856491657e-01
1.002500000000000036e+01,9.951893207457880308e-01
1.002999999999999936e+01,9.975612219659694135e-01
1.003500000000000014e+01,9.977531845494056473e-01
1.004000000000000092e+01,9.956105420074834456e-01
1.004499999999999993e+01,9.932041091573539093e-01
1.005000000000000071e+01,9.927628975548843382e-01
1.005499999999999972e+01,9.946065476991998722e-01
1.006000000000000050e+01,9.969729522373789177e-01
1.006499999999999950e+01,9.977377875244464178e-01
1.007000000000000028e+01,9.962203257044268678e-01
1.007500000000000107e+01,9.936340449186527035e-01
1.008000000000000007e+01,9.921155990640100342e-01
1.008500000000000085e+01,9.929906718057870396e-01
1.008999999999999986e+01,9.955738330994221563e-01
1.009500000000000064e+01,9.975995035864810845e-01
1.009999999999999964e+01,9.970069412722560864e-01
1.010500000000000043e+01,9.938670071855733035e-01
1.010999999999999943e+01,9.907658325216406325e-01
1.011500000000000021e+01,9.906588650810383978e-01
1.012000000000000099e+01,9.939221330256984288e-01
1.012500000000000000e+01,9.975897014747656666e-01
1.013000000000000078e+01,9.977958831920770155e-01
1.013499999999999979e+01,9.936360247519187006e-01
1.014000000000000057e+01,9.886517650936649249e-01
1.014499999999999957e+01,9.876882190693003771e-01
1.015000000000000036e+01,9.919908116194553482e-01
1.015499999999999936e+01,9.975112794224728630e-01
1.016000000000000014e+01,9.983635387023948038e-01
1.016500000000000092e+01,9.927739560002307728e-01
1.016999999999999993e+01,9.855320512505104658e-01
1.017500000000000071e+01,9.836266355832224972e-01
1.017999999999999972e+01,9.892494193757015442e-01
1.018500000000000050e+01,9.970391580256416919e-01
1.018999999999999950e+01,9.985701484501526837e-01
1.019500000000000028e+01,9.908346996613037749e-01
1.020000000000000107e+01,9.802032734870018693e-01
1.020500000000000007e+01,9.767678004172015704e-01
1.021000000000000085e+01,9.843906138410551954e-01
1.021499999999999986e+01,9.957968728216305410e-01
1.022000000000000064e+01,9.979711323929281175e-01
1.022499999999999964e+01,9.851363522514851034e-01
1.023000000000000043e+01,9.666900174485607566e-01
1.023499999999999943e+01,9.597673090500244975e-01
1.024000000000000021e+01,9.726792474076186856e-01
1.024500000000000099e+01,9.929748495790202689e-01
1.025000000000000000e+01,9.904894622088351586e-01
1.025500000000000078e+01,9.408398688382908492e-01
1.025999999999999979e+01,8.521382383697198026e-01
1.026500000000000057e+01,7.615177512711568397e-01
1.026999999999999957e+01,7.066875965247112479e-01
1.027500000000000036e+01,7.090681196896435612e-01
1.027999999999999936e+01,7.664985608324895727e-01
1.028500000000000014e+01,8.440747556732375312e-01
1.029000000000000092e+01,8.948894362676942382e-01
1.029499999999999993e+01,9.082920770789235654e-01
1.030000000000000071e+01,9.159013401564881640e-01
1.030499999999999972e+01,9.442928628792296442e-01
1.031000000000000050e+01,9.810925248209061422e-01
1.031499999999999950e+01,9.793025799996988301e-01
1.032000000000000028e+01,8.869537685489334855e-01
1.032500000000000107e+01,6.958255416079425215e-01
1.033000000000000007e+01,4.653619300274534076e-01
1.033500000000000085e+01,2.817155655645495749e-01
1.033999999999999986e+01,2.051368077937629764e-01
1.034500000000000064e+01,2.590575111408920383e-01
1.034999999999999964e+01,4.295653017787222083e-01
1.035500000000000043e+01,6.565227118777016146e-01
1.035999999999999943e+01,8.549071440773496899e-01
1.036500000000000021e+01,9.681168882219579608e-01
1.037000000000000099e+01,9.967629015003791615e-01
1.037500000000000000e+01,9.796522780576100153e-01
1.038000000000000078e+01,9.585720592546453922e-01
1.038499999999999979e+01,9.558322531656323617e-01
1.039000000000000057e+01,9.703627560044394418e-01
1.039499999999999957e+01,9.882511454457874045e-01
1.040000000000000036e+01,9.976279649078367839e-01
1.040499999999999936e+01,9.965761145556022438e-01
1.041000000000000014e+01,9.910593826242978244e-01
1.041500000000000092e+01,9.880091777649446794e-01
1.041999999999999993e+01,9.899695911994523811e-01
1.042500000000000071e+01,9.946281336637285975e-01
1.042999999999999972e+01,9.981746886117401907e-01
1.043500000000000050e+01,9.987257412723734573e-01
1.043999999999999950e+01,9.971657383850320855e-01
1.044500000000000028e+01,9.956528394001478155e-01
1.045000000000000107e+01,9.956373224028824964e-01
1.045500000000000007e+01,9.969942363249471029e-01
1.046000000000000085e+01,9.985765391759801046e-01
1.046499999999999986e+01,9.993263448366858093e-01
1.047000000000000064e+01,9.990011155131461873e-01
1.047499999999999964e+01,9.981814233964392269e-01
1.048000000000000043e+01,9.977187307541330874e-01
1.048499999999999943e+01,9.980627088721191198e-01
1.049000000000000021e+01,9.989491565983084076e-01
1.049500000000000099e+01,9.996594112944345856e-01
1.050000000000000000e+01,9.996568478913396838e-01
1.050500000000000078e+01,9.990724882159259801e-01
1.050999999999999979e+01,9.985697815670868671e-01
1.051500000000000057e+01,9.986923566493808302e-01
1.051999999999999957e+01,9.993353300085268121e-01
1.052500000000000036e+01,9.998757300643499324e-01
1.052999999999999936e+01,9.998303072932619440e-01
1.053500000000000014e+01,9.993464620763817807e-01
1.054000000000000092e+01,9.990070306487215390e-01
1.054499999999999993e+01,9.991863522109443174e-01
1.055000000000000071e+01,9.996738552325319382e-01
1.055499999999999972e+01,9.999536555378507607e-01
1.056000000000000050e+01,9.997893291432509155e-01
1.056499999999999950e+01,9.994484342768567009e-01
1.057000000000000028e+01,9.993515133871699874e-01
1.057500000000000107e+01,9.995927164776745588e-01
1.058000000000000007e+01,9.998800541192591762e-01
1.058500000000000085e+01,9.999139771300187274e-01
1.058999999999999986e+01,9.997241118879477417e-01
1.059500000000000064e+01,9.995861095119484840e-01
1.059999999999999964e+01,9.996691627031766281e-01
1.060500000000000043e+01,9.998584634136626903e-01
1.060999999999999943e+01,9.999349973954222426e-01
1.061500000000000021e+01,9.998501069976744038e-01
1.062000000000000099e+01,9.997551103189588062e-01
1.062500000000000000e+01,9.997860695652013296e-01
1.063000000000000078e+01,9.998992481711526104e-01
1.063499999999999979e+01,9.999498002788964612e-01
1.064000000000000057e+01,9.998822420628390439e-01
1.064499999999999957e+01,9.997847288109098507e-01
1.065000000000000036e+01,9.997654430096826195e-01
1.065499999999999936e+01,9.998326291977110980e-01
1.066000000000000014e+01,9.999169370427354320e-01
1.066500000000000092e+01,9.999686758456934887e-01
1.066999999999999993e+01,9.999912292746806486e-01
1.067500000000000071e+01,9.999996926472318748e-01
1.067999999999999972e+01,9.999973651126823349e-01
1.068500000000000050e+01,9.999942507679344672e-01
1.068999999999999950e+01,9.999984889461226434e-01
1.069500000000000028e+01,9.999752757080717647e-01
1.070000000000000107e+01,9.998767675470560112e-01
1.070500000000000007e+01,9.997567794060491231e-01
1.071000000000000085e+01,9.997735837443351148e-01
1.071499999999999986e+01,9.999456438047504836e-01
1.072000000000000064e+01,9.999408581435775822e-01
1.072499999999999964e+01,9.993689899245271624e-01
1.073000000000000043e+01,9.984623333776982967e-01
1.073499999999999943e+01,9.981940035123962884e-01
1.074000000000000021e+01,9.991310808749016559e-01
1.074500000000000099e+01,9.999976799610801326e-01
1.075000000000000000e+01,9.981960079845628719e-01
1.075500000000000078e+01,9.930143462795681941e-01
1.075999999999999979e+01,9.884118879881640396e-01
1.076500000000000057e+01,9.904058106934355843e-01
1.076999999999999957e+01,9.981944481375165656e-01
1.077500000000000036e+01,9.962234231703942511e-01
1.077999999999999936e+01,9.581153378703939349e-01
1.078500000000000014e+01,8.657991589347082684e-01
1.079000000000000092e+01,7.319818664156751975e-01
1.079499999999999993e+01,6.053515689349069362e-01
1.080000000000000071e+01,5.472585988918710065e-01
1.080499999999999972e+01,5.919044931227047668e-01
1.081000000000000050e+01,7.197392659550210237e-01
1.081499999999999950e+01,8.674588004552621356e-01
1.082000000000000028e+01,9.695794383715801157e-01
1.082500000000000107e+01,9.999530268110079501e-01
1.083000000000000007e+01,9.813437612494033679e-01
1.083500000000000085e+01,9.583682793222392249e-01
1.083999999999999986e+01,9.595019967117951465e-01
1.084500000000000064e+01,9.803094630061728321e-01
1.084999999999999964e+01,9.978323757078038092e-01
1.085500000000000043e+01,9.974286104153371468e-01
1.085999999999999943e+01,9.853586867657591064e-01
1.086500000000000021e+01,9.782355902610153642e-01
1.087000000000000099e+01,9.840601984518817513e-01
1.087500000000000000e+01,9.954146472822444913e-01
1.088000000000000078e+01,9.998785936295875310e-01
1.088499999999999979e+01,9.941958149357064123e-01
1.089000000000000057e+01,9.866203135660696066e-01
1.089499999999999957e+01,9.864250185700933482e-01
1.090000000000000036e+01,9.935087869974246200e-01
1.090499999999999936e+01,9.995223515924696045e-01
1.091000000000000014e+01,9.980860552182200252e-01
1.091500000000000092e+01,9.918256445624875628e-01
1.091999999999999993e+01,9.886188664494848233e-01
1.092500000000000071e+01,9.921903470776034517e-01
1.092999999999999972e+01,9.981659950410056714e-01
1.093500000000000050e+01,9.996817617839097725e-01
1.093999999999999950e+01,9.954619918152904923e-01
1.094500000000000028e+01,9.909392443904874170e-01
1.095000000000000107e+01,9.915625353540420406e-01
1.095500000000000007e+01,9.964727274095726006e-01
1.096000000000000085e+01,9.998464956241526203e-01
1.096499999999999986e+01,9.979393103160711931e-01
1.097000000000000064e+01,9.933514157134326616e-01
1.097499999999999964e+01,9.916915017874567972e-01
1.098000000000000043e+01,9.948763548869379303e-01
1.098499999999999943e+01,9.990451956389834187e-01
1.099000000000000021e+01,9.993360567223312785e-01
1.099500000000000099e+01,9.956356421154480829e-01
1.100000000000000000e+01,9.925249856626912059e-01
1.100500000000000078e+01,9.937092521563211100e-01
1.100999999999999979e+01,9.976812402057007034e-01
1.101500000000000057e+01,9.996944572712633814e-01
1.101999999999999957e+01,9.974861277261415360e-01
1.102500000000000036e+01,9.938554010574296438e-01
1.102999999999999936e+01,9.931745999435289685e-01
1.103500000000000014e+01,9.961526373176012861e-01
1.104000000000000092e+01,9.991249293075554760e-01
1.104499999999999993e+01,9.985765326398582387e-01
1.105000000000000071e+01,9.953060812687685166e-01
1.105499999999999972e+01,9.932985690246605159e-01
1.106000000000000050e+01,9.948412993724129461e-01
1.106499999999999950e+01,9.978424986918386086e-01
1.107000000000000028e+01,9.985616344835082092e-01
1.107500000000000107e+01,9.962211801171449999e-01
1.108000000000000007e+01,9.937698030182543496e-01
1.108500000000000085e+01,9.940533055673992369e-01
1.108999999999999986e+01,9.962343478791511053e-01
1.109500000000000064e+01,9.970357165855797676e-01
1.109999999999999964e+01,9.952244485251893202e-01
1.110500000000000043e+01,9.932189090430585399e-01
1.110999999999999943e+01,9.935785249889663717e-01
1.111500000000000021e+01,9.949405816151831727e-01
1.112000000000000099e+01,9.931990365855885017e-01
1.112500000000000000e+01,9.877669484932990462e-01
1.113000000000000078e+01,9.844764135703231167e-01
1.113499999999999979e+01,9.887369896208975106e-01
1.114000000000000057e+01,9.946812773373472361e-01
1.114499999999999957e+01,9.821083861434144469e-01
1.115000000000000036e+01,9.304660781275566617e-01
1.115499999999999936e+01,8.429605084426601280e-01
1.116000000000000014e+01,7.515004999254579765e-01
1.116500000000000092e+01,6.934667527519303709e-01
1.116999999999999993e+01,6.912184571750430440e-01
1.117500000000000071e+01,7.473342291510193247e-01
1.117999999999999972e+01,8.403792033915800097e-01
1.118500000000000050e+01,9.293245547952777574e-01
1.118999999999999950e+01,9.810080831962506576e-01
1.119500000000000028e+01,9.928338863223860056e-01
1.120000000000000107e+01,9.847131978809193775e-01
1.120500000000000007e+01,9.774556381810466377e-01
1.121000000000000085e+01,9.795237302760870790e-01
1.121499999999999986e+01,9.868095282144146996e-01
1.122000000000000064e+01,9.915291879011712828e-01
1.122499999999999964e+01,9.906948853879319339e-01
1.123000000000000043e+01,9.871572757810207488e-01
1.123499999999999943e+01,9.853323986209581165e-01
1.124000000000000021e+01,9.868941648337621331e-01
1.124500000000000099e+01,9.899217870158398824e-01
1.125000000000000000e+01,9.916725409151923021e-01
1.125500000000000078e+01,9.915027321395963877e-01
1.125999999999999979e+01,9.907230408564918767e-01
1.126500000000000057e+01,9.900924539556275050e-01
1.126999999999999957e+01,9.880459868542943447e-01
1.127500000000000036e+01,9.821973893538469280e-01
1.127999999999999936e+01,9.738915543083013215e-01
1.128500000000000014e+01,9.701786777146585994e-01
1.129000000000000092e+01,9.772718439655393441e-01
1.129499999999999993e+01,9.896858679932158953e-01
1.130000000000000071e+01,9.850119030356513372e-01
1.130499999999999972e+01,9.312040551939892996e-01
1.131000000000000050e+01,8.094321622532829608e-01
1.131499999999999950e+01,6.385511452047782921e-01
1.132000000000000028e+01,4.727705771184654293e-01
1.132500000000000107e+01,3.728186565889635151e-01
1.133000000000000007e+01,3.789206586502267271e-01
1.133500000000000085e+01,4.931069510823429258e-01
1.133999999999999986e+01,6.707681868946153703e-01
1.134500000000000064e+01,8.416059909099982139e-01
1.134999999999999964e+01,9.530939533427712496e-01
1.135500000000000043e+01,9.933091045947984865e-01
1.135999999999999943e+01,9.824682608829551356e-01
1.136500000000000021e+01,9.552417508830929327e-01
1.137000000000000099e+01,9.416704800742129455e-01
1.137500000000000000e+01,9.516771685340852382e-01
1.138000000000000078e+01,9.751997137237709001e-01
1.138499999999999979e+01,9.943652256382291554e-01
1.139000000000000057e+01,9.967236024964365448e-01
1.139499999999999957e+01,9.843393267460086582e-01
1.140000000000000036e+01,9.714206939278859920e-01
1.140499999999999936e+01,9.707669585610548824e-01
1.141000000000000014e+01,9.828425682982646627e-01
1.141500000000000092e+01,9.964000628012397165e-01
1.141999999999999993e+01,9.991172792779581258e-01
1.142500000000000071e+01,9.897704872408710219e-01
1.142999999999999972e+01,9.791194666700654414e-01
1.143500000000000050e+01,9.782485487450064410e-01
1.143999999999999950e+01,9.877403540920074443e-01
1.144500000000000028e+01,9.977522251563563094e-01
1.145000000000000107e+01,9.983547709911575474e-01
1.145500000000000007e+01,9.900390543115571429e-01
1.146000000000000085e+01,9.824647033317894795e-01
1.146499999999999986e+01,9.834929944159569448e-01
1.147000000000000064e+01,9.914170123680976499e-01
1.147499999999999964e+01,9.975071533104320487e-01
1.148000000000000043e+01,9.957279247188874916e-01
1.148499999999999943e+01,9.891206218794692528e-01
1.149000000000000021e+01,9.854286215871372878e-01
1.149500000000000099e+01,9.881496583893818464e-01
1.150000000000000000e+01,9.934836756417667614e-01
1.150500000000000078e+01,9.952966284740251135e-01
1.150999999999999979e+01,9.922419258969451539e-01
1.151500000000000057e+01,9.887741936264708986e-01
1.151999999999999957e+01,9.890167201165522837e-01
1.152500000000000036e+01,9.919167624536637806e-01
1.152999999999999936e+01,9.932811116856674616e-01
1.153500000000000014e+01,9.913080364764399466e-01
1.154000000000000092e+01,9.889235156008743255e-01
1.154499999999999993e+01,9.897829492345355806e-01
1.155000000000000071e+01,9.929534022285132489e-01
1.155499999999999972e+01,9.938357772947667979e-01
1.156000000000000050e+01,9.902743061124088531e-01
1.156499999999999950e+01,9.859253538128706085e-01
1.157000000000000028e+01,9.864189863371430889e-01
1.157500000000000107e+01,9.920625268533169727e-01
1.158000000000000007e+01,9.961268943922201302e-01
1.158500000000000085e+01,9.924051558002668916e-01
1.158999999999999986e+01,9.834281627611061172e-01
1.159500000000000064e+01,9.788588454256559324e-01
1.159999999999999964e+01,9.848560548543712212e-01
1.160500000000000043e+01,9.954462422699585922e-01
1.160999999999999943e+01,9.970121767144409786e-01
1.161500000000000021e+01,9.836902580243822580e-01
1.162000000000000099e+01,9.664213136911974367e-01
1.162500000000000000e+01,9.636138545445560588e-01
1.163000000000000078e+01,9.808801120616399416e-01
1.163499999999999979e+01,9.986656865637235647e-01
1.164000000000000057e+01,9.833317495244862094e-01
1.164499999999999957e+01,9.165378479117536337e-01
1.165000000000000036e+01,8.152890476020104860e-01
1.165499999999999936e+01,7.239404137871653377e-01
1.166000000000000014e+01,6.868292688212100927e-01
1.166500000000000092e+01,7.204885907637432751e-01
1.166999999999999993e+01,8.034986043916104714e-01
1.167500000000000071e+01,8.938224937851573237e-01
1.167999999999999972e+01,9.587170622743601545e-01
1.168500000000000050e+01,9.899483059593858769e-01
1.168999999999999950e+01,9.975706170163034514e-01
1.169500000000000028e+01,9.958163797883614610e-01
1.170000000000000107e+01,9.934932159121645512e-01
1.170500000000000007e+01,9.928001699844328787e-01
1.171000000000000085e+01,9.933440826977185667e-01
1.171499999999999986e+01,9.950020071356667772e-01
1.172000000000000064e+01,9.974416379400460331e-01
1.172499999999999964e+01,9.992089910079742232e-01
1.173000000000000043e+01,9.987710584647857548e-01
1.173499999999999943e+01,9.964356958119867658e-01
1.174000000000000021e+01,9.944935164171473385e-01
1.174500000000000099e+01,9.949852874377710377e-01
1.175000000000000000e+01,9.975110174882858560e-01
1.175500000000000078e+01,9.995604295144198126e-01
1.175999999999999979e+01,9.990990836329204372e-01
1.176500000000000057e+01,9.966648838171896507e-01
1.176999999999999957e+01,9.947212055344842874e-01
1.177500000000000036e+01,9.950864972424737775e-01
1.177999999999999936e+01,9.972100555336276262e-01
1.178500000000000014e+01,9.989164157788144038e-01
1.179000000000000092e+01,9.986754724825869234e-01
1.179499999999999993e+01,9.969768568431806033e-01
1.180000000000000071e+01,9.955088434343583037e-01
1.180499999999999972e+01,9.953060232299044685e-01
1.181000000000000050e+01,9.958842684210681417e-01
1.181499999999999950e+01,9.960558114198664326e-01
1.182000000000000028e+01,9.953643740179836108e-01
1.182500000000000107e+01,9.945509442197379979e-01
1.183000000000000007e+01,9.946546195869719886e-01
1.183500000000000085e+01,9.958648040037392235e-01
1.183999999999999986e+01,9.973171378026696177e-01
1.184500000000000064e+01,9.979280326287032210e-01
1.184999999999999964e+01,9.973669175786340491e-01
1.185500000000000043e+01,9.962173724294464128e-01
1.185999999999999943e+01,9.953493617812521066e-01
1.186500000000000021e+01,9.952673079937317535e-01
1.187000000000000099e+01,9.958867524825907314e-01
1.187500000000000000e+01,9.967066702513454057e-01
1.188000000000000078e+01,9.971446406114395922e-01
1.188499999999999979e+01,9.968072377746319823e-01
1.189000000000000057e+01,9.957544488111174097e-01
1.189499999999999957e+01,9.946685593185624619e-01
1.190000000000000036e+01,9.944733099089408945e-01
1.190499999999999936e+01,9.954899854434595685e-01
1.191000000000000014e+01,9.969010912965878823e-01
1.191500000000000092e+01,9.972158856012902639e-01
1.191999999999999993e+01,9.957005290854328283e-01
1.192500000000000071e+01,9.934497588703452564e-01
1.192999999999999972e+01,9.926044529353568180e-01
1.193500000000000050e+01,9.941743499867510270e-01
1.193999999999999950e+01,9.966221238764337853e-01
1.194500000000000028e+01,9.969828261146782555e-01
1.195000000000000107e+01,9.940266127713808242e-01
1.195500000000000007e+01,9.901967087307378401e-01
1.196000000000000085e+01,9.894748781386666359e-01
1.196499999999999986e+01,9.926692660346383423e-01
1.197000000000000064e+01,9.947265736890886778e-01
1.197499999999999964e+01,9.877417279768387903e-01
1.198000000000000043e+01,9.688005032627418078e-01
1.198499999999999943e+01,9.452676074935714157e-01
1.199000000000000021e+01,9.305717922595158065e-01
1.199500000000000099e+01,9.339524720509817524e-01
1.200000000000000000e+01,9.531515261300185227e-01
1.200500000000000078e+01,9.750326741196020386e-01
1.200999999999999979e+01,9.853595398620563772e-01
1.201500000000000057e+01,9.817204636685361585e-01
1.201999999999999957e+01,9.755913397869302450e-01
1.202500000000000036e+01,9.795255993599520927e-01
1.203000000000000114e+01,9.923512811105028586e-01
1.203500000000000014e+01,9.957030923062655248e-01
1.204000000000000092e+01,9.664489657831569769e-01
1.204499999999999993e+01,8.976048246494674476e-01
1.205000000000000071e+01,8.087117719726115705e-01
1.205499999999999972e+01,7.358049825029070456e-01
1.206000000000000050e+01,7.111964877834089371e-01
1.206499999999999950e+01,7.455706526944489987e-01
1.207000000000000028e+01,8.210809470727724602e-01
1.207500000000000107e+01,9.030675366313202224e-01
1.208000000000000007e+01,9.628652211005696016e-01
1.208500000000000085e+01,9.912976401554554062e-01
1.208999999999999986e+01,9.958574374645318139e-01
1.209500000000000064e+01,9.905172561658242003e-01
1.209999999999999964e+01,9.863565806393009838e-01
1.210500000000000043e+01,9.871635949612307392e-01
1.210999999999999943e+01,9.911589019724980076e-01
1.211500000000000021e+01,9.951354643798261401e-01
1.212000000000000099e+01,9.970245759329154911e-01
1.212500000000000000e+01,9.965404793284289298e-01
1.213000000000000078e+01,9.947502294599921413e-01
1.213499999999999979e+01,9.931551185920407532e-01
1.214000000000000057e+01,9.929073041070235472e-01
1.214499999999999957e+01,9.942604845616513920e-01
1.215000000000000036e+01,9.963071813452789582e-01
1.215500000000000114e+01,9.975042377532794546e-01
1.216000000000000014e+01,9.968462144728891250e-01
1.216500000000000092e+01,9.947234838204033203e-01
1.216999999999999993e+01,9.927910129720765031e-01
1.217500000000000071e+01,9.927726559409352225e-01
1.217999999999999972e+01,9.948909231114397844e-01
1.218500000000000050e+01,9.973879573688686495e-01
1.218999999999999950e+01,9.978520479987840197e-01
1.219500000000000028e+01,9.953634254880130428e-01
1.220000000000000107e+01,9.916930627804515508e-01
1.220500000000000007e+01,9.901367369078351022e-01
1.221000000000000085e+01,9.924521782281008342e-01
1.221499999999999986e+01,9.967410332911401660e-01
1.222000000000000064e+01,9.986730045035276948e-01
1.222499999999999964e+01,9.954089822546616784e-01
1.223000000000000043e+01,9.888973734572676921e-01
1.223499999999999943e+01,9.848821312740172473e-01
1.224000000000000021e+01,9.875954654324259341e-01
1.224500000000000099e+01,9.949760956192085226e-01
1.225000000000000000e+01,9.994066970957821150e-01
1.225500000000000078e+01,9.942697562744328144e-01
1.225999999999999979e+01,9.811173158401946814e-01
1.226500000000000057e+01,9.701566802293053460e-01
1.226999999999999957e+01,9.719474894177229096e-01
1.227500000000000036e+01,9.866070492043402806e-01
1.228000000000000114e+01,9.995210363787583319e-01
1.228500000000000014e+01,9.883917318854387180e-01
1.229000000000000092e+01,9.383417990826296018e-01
1.229499999999999993e+01,8.542358676904864279e-01
1.230000000000000071e+01,7.610297987657581587e-01
1.230499999999999972e+01,6.924705558647632486e-01
1.231000000000000050e+01,6.746598057351170796e-01
1.231499999999999950e+01,7.128735625255329111e-01
1.232000000000000028e+01,7.898202725691261250e-01
1.232500000000000107e+01,8.763492978053828431e-01
1.233000000000000007e+01,9.462814648846125110e-01
1.233500000000000085e+01,9.865892949494481368e-01
1.233999999999999986e+01,9.995117549680363478e-01
1.234500000000000064e+01,9.970883950716051825e-01
1.234999999999999964e+01,9.920592239571153215e-01
1.235500000000000043e+01,9.911704126293542361e-01
1.235999999999999943e+01,9.942780120586034442e-01
1.236500000000000021e+01,9.979134712170438792e-01
1.237000000000000099e+01,9.995094126471467666e-01
1.237500000000000000e+01,9.991410704801471088e-01
1.238000000000000078e+01,9.983862229738695859e-01
1.238499999999999979e+01,9.983558569040691388e-01
1.239000000000000057e+01,9.989328844070283209e-01
1.239499999999999957e+01,9.994408780567591855e-01
1.240000000000000036e+01,9.995661021292487902e-01
1.240500000000000114e+01,9.995233679703290353e-01
1.241000000000000014e+01,9.995845623209380637e-01
1.241500000000000092e+01,9.997371008473110443e-01
1.241999999999999993e+01,9.998216602858538415e-01
1.242500000000000071e+01,9.998086954203144749e-01
1.242999999999999972e+01,9.998089388410398293e-01
1.243500000000000050e+01,9.998810393349359948e-01
1.243999999999999950e+01,9.999621530084262799e-01
1.244500000000000028e+01,9.999916879807271286e-01
1.245000000000000107e+01,9.999938153891578807e-01
1.245500000000000007e+01,9.999998719050968710e-01
1.246000000000000085e+01,9.999875268850744181e-01
1.246499999999999986e+01,9.999619962019945518e-01
1.247000000000000064e+01,9.999800615891898392e-01
1.247499999999999964e+01,9.999468808636539086e-01
1.248000000000000043e+01,9.995223418515775116e-01
1.248499999999999943e+01,9.986106426898508914e-01
1.249000000000000021e+01,9.980074070933582231e-01
1.249500000000000099e+01,9.987687009749910416e-01
1.250000000000000000e+01,9.996258988658885958e-01
1.250500000000000078e+01,9.945209049813545921e-01
1.250999999999999979e+01,9.742007420706217946e-01
1.251500000000000057e+01,9.333934956187115439e-01
1.251999999999999957e+01,8.791655343788078447e-01
1.252500000000000036e+01,8.322739176116642490e-01
1.253000000000000114e+01,8.168911674544947488e-01
1.253500000000000014e+01,8.439440778324913683e-01
1.254000000000000092e+01,9.011919420838517825e-01
1.254499999999999993e+01,9.599059223717907319e-01
1.255000000000000071e+01,9.943140257547584682e-01
1.255499999999999972e+01,9.983861188088359873e-01
1.256000000000000050e+01,9.865040404006871766e-01
1.256499999999999950e+01,9.785298863100093669e-01
1.257000000000000028e+01,9.831809883135258499e-01
1.257500000000000107e+01,9.940546787425876829e-01
1.258000000000000007e+01,9.997309136532684937e-01
1.258500000000000085e+01,9.962527091059611983e-01
1.258999999999999986e+01,9.897724307017170542e-01
1.259500000000000064e+01,9.884383330704600290e-01
1.259999999999999964e+01,9.934569924461642554e-01
1.260500000000000043e+01,9.988197604195148127e-01
1.260999999999999943e+01,9.988426820800553330e-01
1.261500000000000021e+01,9.944187571924242297e-01
1.262000000000000099e+01,9.913154167654036897e-01
1.262500000000000000e+01,9.931959903385492172e-01
1.263000000000000078e+01,9.976525944816025948e-01
1.263499999999999979e+01,9.994888065685960665e-01
1.264000000000000057e+01,9.969209134187894117e-01
1.264499999999999957e+01,9.933955262331799485e-01
1.265000000000000036e+01,9.932531395638197758e-01
1.265500000000000114e+01,9.966020141946052568e-01
1.266000000000000014e+01,9.994076517894752154e-01
1.266500000000000092e+01,9.984469717400499267e-01
1.266999999999999993e+01,9.950804715614993690e-01
1.267500000000000071e+01,9.934765738062510954e-01
1.267999999999999972e+01,9.955891321998157073e-01
1.268500000000000050e+01,9.988873644070972446e-01
1.268999999999999950e+01,9.994608968329682375e-01
1.269500000000000028e+01,9.967048817586141585e-01
1.270000000000000107e+01,9.939846447854775446e-01
1.270500000000000007e+01,9.945874574541082591e-01
1.271000000000000085e+01,9.978254986179221353e-01
1.271499999999999986e+01,9.998736525425777621e-01
1.272000000000000064e+01,9.983248605825090216e-01
1.272499999999999964e+01,9.950409927340801985e-01
1.273000000000000043e+01,9.939238741989355752e-01
1.273499999999999943e+01,9.963034572422354573e-01
1.274000000000000021e+01,9.993772371075342331e-01
1.274500000000000099e+01,9.995068731922990279e-01
1.275000000000000000e+01,9.965212991261573894e-01
1.275500000000000078e+01,9.939295436342387990e-01
1.275999999999999979e+01,9.947735084444346843e-01
1.276500000000000057e+01,9.980194349855167069e-01
1.276999999999999957e+01,9.996944927916657786e-01
1.277500000000000036e+01,9.975502891605186884e-01
1.278000000000000114e+01,9.938885657297805709e-01
1.278500000000000014e+01,9.930397458881135009e-01
1.279000000000000092e+01,9.961365040078977717e-01
1.279499999999999993e+01,9.988675354284075603e-01
1.280000000000000071e+01,9.948373221443227443e-01
1.280499999999999972e+01,9.816216587103266944e-01
1.281000000000000050e+01,9.635041094868939116e-01
1.281499999999999950e+01,9.484754576982021845e-01
1.282000000000000028e+01,9.431547615059031608e-01
1.282500000000000107e+01,9.493416542111339229e-01
1.283000000000000007e+01,9.634447045131626641e-01
1.283500000000000085e+01,9.792057991965774644e-01
1.283999999999999986e+01,9.913568031240747036e-01
1.284500000000000064e+01,9.972554006304528151e-01
1.284999999999999964e+01,9.972354371211896717e-01
1.285500000000000043e+01,9.943803531060058098e-01
1.285999999999999943e+01,9.925884828759146128e-01
1.286500000000000021e+01,9.937765280477031116e-01
1.287000000000000099e+01,9.965648276250773652e-01
1.287500000000000000e+01,9.977864509326097586e-01
1.288000000000000078e+01,9.959500768374184299e-01
1.288499999999999979e+01,9.931025767670804694e-01
1.289000000000000057e+01,9.926447314027541102e-01
1.289499999999999957e+01,9.952909718339573164e-01
1.290000000000000036e+01,9.975939155345034948e-01
1.290500000000000114e+01,9.953610181796264111e-01
1.291000000000000014e+01,9.890923535374755993e-01
1.291500000000000092e+01,9.849077009743336664e-01
1.291999999999999993e+01,9.883355589000226704e-01
1.292500000000000071e+01,9.959453115197973716e-01
1.292999999999999972e+01,9.928546734282497344e-01
1.293500000000000050e+01,9.610384704773783371e-01
1.293999999999999950e+01,8.945418335719150793e-01
1.294500000000000028e+01,8.091486672241172684e-01
1.295000000000000107e+01,7.374202413806258960e-01
1.295500000000000007e+01,7.116655385393432232e-01
1.296000000000000085e+01,7.448795122226614662e-01
1.296499999999999986e+01,8.220638645663667088e-01
1.297000000000000064e+01,9.091631009260345841e-01
1.297499999999999964e+01,9.730186945879972793e-01
1.298000000000000043e+01,9.985800087437067818e-01
1.298499999999999943e+01,9.939435563901477533e-01
1.299000000000000021e+01,9.805880293040037943e-01
1.299500000000000099e+01,9.761523992260143778e-01
1.300000000000000000e+01,9.838313367645779017e-01
1.300500000000000078e+01,9.948785975826035521e-01
1.300999999999999979e+01,9.992615717389816687e-01
1.301500000000000057e+01,9.950612623418586544e-01
1.301999999999999957e+01,9.888517895037604033e-01
1.302500000000000036e+01,9.878583760709170880e-01
1.303000000000000114e+01,9.928126089279117883e-01
1.303500000000000014e+01,9.981819763801641487e-01
1.304000000000000092e+01,9.985633112577763093e-01
1.304499999999999993e+01,9.943840744457830283e-01
1.305000000000000071e+01,9.909024610194016036e-01
1.305499999999999972e+01,9.920954788892994980e-01
1.306000000000000050e+01,9.964811059513765112e-01
1.306499999999999950e+01,9.991115712141669380e-01
1.307000000000000028e+01,9.972705900169609450e-01
1.307500000000000107e+01,9.934361985775786996e-01
1.308000000000000007e+01,9.922093581000643869e-01
1.308500000000000085e+01,9.950031817327809058e-01
1.308999999999999986e+01,9.985609461722692037e-01
1.309500000000000064e+01,9.988136832010564570e-01
1.309999999999999964e+01,9.956233478835618822e-01
1.310500000000000043e+01,9.928631339677361778e-01
1.310999999999999943e+01,9.938210417999813195e-01
1.311500000000000021e+01,9.974005750878710552e-01
1.312000000000000099e+01,9.994351457846747389e-01
1.312500000000000000e+01,9.975835937933006381e-01
1.313000000000000078e+01,9.940932212448970740e-01
1.313499999999999979e+01,9.931169061534022013e-01
1.314000000000000057e+01,9.958347433226450995e-01
1.314499999999999957e+01,9.990921495903946070e-01
1.315000000000000036e+01,9.990853020661822903e-01
1.315500000000000114e+01,9.958571864218704883e-01
1.316000000000000014e+01,9.932467624807093109e-01
1.316500000000000092e+01,9.943371193691497023e-01
1.316999999999999993e+01,9.978585404135162928e-01
1.317500000000000071e+01,9.996847027583066758e-01
1.317999999999999972e+01,9.976886472315522614e-01
1.318500000000000050e+01,9.942755543411960772e-01
1.318999999999999950e+01,9.934968683212141993e-01
1.319500000000000028e+01,9.962538108444736196e-01
1.320000000000000107e+01,9.992729338330692546e-01
1.320500000000000007e+01,9.989772684242517187e-01
1.321000000000000085e+01,9.957531595571409433e-01
1.321499999999999986e+01,9.934805889455666783e-01
1.322000000000000064e+01,9.948613871094937888e-01
1.322499999999999964e+01,9.982217648027646995e-01
1.323000000000000043e+01,9.995160777289948673e-01
1.323499999999999943e+01,9.971629019044243591e-01
1.324000000000000021e+01,9.939698664577996112e-01
1.324500000000000099e+01,9.937274736083905324e-01
1.325000000000000000e+01,9.966456798686662566e-01
1.325500000000000078e+01,9.991457027422427917e-01
1.325999999999999979e+01,9.981756820173111056e-01
1.326500000000000057e+01,9.948170478273294925e-01
1.326999999999999957e+01,9.925495876276406726e-01
1.327500000000000036e+01,9.920675964538228087e-01
1.328000000000000114e+01,9.892058038319744284e-01
1.328500000000000014e+01,9.792863219126672902e-01
1.329000000000000092e+01,9.634884178933813548e-01
1.329499999999999993e+01,9.495278205642574409e-01
1.330000000000000071e+01,9.454081561243353748e-01
1.330499999999999972e+01,9.529674590563961267e-01
1.331000000000000050e+01,9.668655742804279640e-01
1.331499999999999950e+01,9.793323447731581144e-01
1.332000000000000028e+01,9.866544340462153340e-01
1.332500000000000107e+01,9.906002207986790431e-01
1.333000000000000007e+01,9.934552154196156781e-01
1.333500000000000085e+01,9.942679065566069063e-01
1.333999999999999986e+01,9.912010036116974954e-01
1.334500000000000064e+01,9.858615199369387128e-01
1.334999999999999964e+01,9.835874665699505526e-01
1.335500000000000043e+01,9.881529989352251242e-01
1.335999999999999943e+01,9.957933039990997104e-01
1.336500000000000021e+01,9.962560393109429757e-01
1.337000000000000099e+01,9.816378798496752101e-01
1.337500000000000000e+01,9.545600050459339680e-01
1.338000000000000078e+01,9.277936609516100885e-01
1.338499999999999979e+01,9.155276535666247995e-01
1.339000000000000057e+01,9.233160468848580216e-01
1.339499999999999957e+01,9.450037706368121793e-01
1.340000000000000036e+01,9.688084392916189724e-01
1.340500000000000114e+01,9.860655367459395526e-01
1.341000000000000014e+01,9.949242858623866814e-01
1.341500000000000092e+01,9.979769645854814630e-01
1.341999999999999993e+01,9.981883097597930021e-01
1.342500000000000071e+01,9.970626486990433746e-01
1.342999999999999972e+01,9.954021690151702018e-01
1.343500000000000050e+01,9.943037589519900799e-01
1.343999999999999950e+01,9.947191090839041516e-01
1.344500000000000028e+01,9.964156838238156233e-01
1.345000000000000107e+01,9.980086838989531417e-01
1.345500000000000007e+01,9.982873444565940613e-01
1.346000000000000085e+01,9.974065853975997431e-01
1.346499999999999986e+01,9.966098008120809482e-01
1.347000000000000064e+01,9.968603003049623101e-01
1.347499999999999964e+01,9.979116702308578057e-01
1.348000000000000043e+01,9.986910703607982942e-01
1.348499999999999943e+01,9.984423347691918638e-01
1.349000000000000021e+01,9.974216899391917801e-01
1.349500000000000099e+01,9.965697154843637939e-01
1.350000000000000000e+01,9.966222389804175741e-01
1.350500000000000078e+01,9.974878133238649358e-01
1.350999999999999979e+01,9.983597984728236341e-01
1.351500000000000057e+01,9.984116081458436209e-01
1.351999999999999957e+01,9.975148121166683701e-01
1.352500000000000036e+01,9.964216018735356784e-01
1.353000000000000114e+01,9.961590030213168800e-01
1.353500000000000014e+01,9.970427485884210128e-01
1.354000000000000092e+01,9.982503820080426138e-01
1.354499999999999993e+01,9.985073235891791521e-01
1.355000000000000071e+01,9.973918378804027540e-01
1.355499999999999972e+01,9.959358357473121481e-01
1.356000000000000050e+01,9.956549255292888034e-01
1.356499999999999950e+01,9.968948318364980743e-01
1.357000000000000028e+01,9.983178518460361639e-01
1.357500000000000107e+01,9.982552866788210189e-01
1.358000000000000007e+01,9.966255775687203888e-01
1.358500000000000085e+01,9.951633175891914096e-01
1.358999999999999986e+01,9.954665614093756165e-01
1.359500000000000064e+01,9.970615760444871967e-01
1.359999999999999964e+01,9.978074516455013310e-01
1.360500000000000043e+01,9.964497929258804287e-01
1.360999999999999943e+01,9.944099707647666708e-01
1.361500000000000021e+01,9.942058078508361207e-01
1.362000000000000099e+01,9.958858306754001521e-01
1.362500000000000000e+01,9.955631511623443952e-01
1.363000000000000078e+01,9.883869303758561209e-01
1.363499999999999979e+01,9.739056672079864363e-01
1.364000000000000057e+01,9.582686100705259946e-01
1.364499999999999957e+01,9.501634375932788146e-01
1.365000000000000036e+01,9.541835802059521754e-01
1.365500000000000114e+01,9.675303547317695152e-01
1.366000000000000014e+01,9.824608762740467682e-01
1.366500000000000092e+01,9.923236275788718252e-01
1.366999999999999993e+01,9.958179931440296340e-01
1.367500000000000071e+01,9.959137409720308920e-01
1.367999999999999972e+01,9.957357869770182557e-01
1.368500000000000050e+01,9.960795859215493264e-01
1.368999999999999950e+01,9.962273673696704357e-01
1.369500000000000028e+01,9.959699908335386542e-01
1.370000000000000107e+01,9.960205041662022474e-01
1.370500000000000007e+01,9.967011618512158222e-01
1.371000000000000085e+01,9.971712749526823183e-01
1.371499999999999986e+01,9.965023547019318251e-01
1.372000000000000064e+01,9.952025774794421853e-01
1.372499999999999964e+01,9.949093598573437447e-01
1.373000000000000043e+01,9.963011688778482533e-01
1.373499999999999943e+01,9.978594367820624589e-01
1.374000000000000021e+01,9.973803462442814016e-01
1.374500000000000099e+01,9.947928918361281792e-01
1.375000000000000000e+01,9.927625460933885426e-01
1.375500000000000078e+01,9.938229929590765011e-01
1.375999999999999979e+01,9.971208231679298262e-01
1.376500000000000057e+01,9.987637937523163867e-01
1.376999999999999957e+01,9.960248213467408629e-01
1.377500000000000036e+01,9.909611939498694788e-01
1.378000000000000114e+01,9.887480084429203231e-01
1.378500000000000014e+01,9.918884652161563675e-01
1.379000000000000092e+01,9.966487921253943671e-01
1.379499999999999993e+01,9.962582986692904985e-01
1.380000000000000071e+01,9.885669810771720023e-01
1.380499999999999972e+01,9.800571638800640306e-01
1.381000000000000050e+01,9.802734527665157849e-01
1.381499999999999950e+01,9.905150247261311769e-01
1.382000000000000028e+01,9.975471522479607556e-01
1.382500000000000107e+01,9.801779765491132057e-01
1.383000000000000007e+01,9.256360338737839033e-01
1.383500000000000085e+01,8.427827930860418704e-01
1.383999999999999986e+01,7.613633503654766432e-01
1.384500000000000064e+01,7.170120554658879763e-01
1.384999999999999964e+01,7.301879337447643170e-01
1.385500000000000043e+01,7.932500738415745323e-01
1.385999999999999943e+01,8.766602791880301337e-01
1.386500000000000021e+01,9.481769036893532565e-01
1.387000000000000099e+01,9.891032124067160591e-01
1.387500000000000000e+01,9.996271056943951683e-01
1.388000000000000078e+01,9.936048744087313533e-01
1.388499999999999979e+01,9.868498365283848717e-01
1.389000000000000057e+01,9.872242842973788512e-01
1.389499999999999957e+01,9.930164585479575035e-01
1.390000000000000036e+01,9.982164723350985813e-01
1.390500000000000114e+01,9.989930421865353960e-01
1.391000000000000014e+01,9.964578194721073201e-01
1.391500000000000092e+01,9.943793560383540342e-01
1.391999999999999993e+01,9.950136278370695919e-01
1.392500000000000071e+01,9.973341268759826628e-01
1.392999999999999972e+01,9.987909752763731719e-01
1.393500000000000050e+01,9.982261337995990136e-01
1.393999999999999950e+01,9.968390224639300801e-01
1.394500000000000028e+01,9.964791535188632920e-01
1.395000000000000107e+01,9.974859132410407447e-01
1.395500000000000007e+01,9.985307843613645540e-01
1.396000000000000085e+01,9.983972609080031813e-01
1.396499999999999986e+01,9.974402595008782235e-01
1.397000000000000064e+01,9.970358309182321133e-01
1.397499999999999964e+01,9.978020307277728485e-01
1.398000000000000043e+01,9.988103867025006632e-01
1.398499999999999943e+01,9.987647921391646921e-01
1.399000000000000021e+01,9.976701216997838628e-01
1.399500000000000099e+01,9.968921832931436633e-01
1.400000000000000000e+01,9.975040599353606208e-01
1.400500000000000078e+01,9.989089173670637756e-01
1.400999999999999979e+01,9.994592612874146909e-01
1.401500000000000057e+01,9.984290040228520624e-01
1.401999999999999957e+01,9.969664176386818788e-01
1.402500000000000036e+01,9.968119350346151819e-01
1.403000000000000114e+01,9.982491486781371881e-01
1.403500000000000014e+01,9.996954697588066319e-01
1.404000000000000092e+01,9.994874106030771088e-01
1.404499999999999993e+01,9.978337771221698071e-01
1.405000000000000071e+01,9.966172102852834946e-01
1.405499999999999972e+01,9.972439443779123058e-01
1.406000000000000050e+01,9.990300001625185278e-01
1.406499999999999950e+01,9.999748498998553004e-01
1.407000000000000028e+01,9.990469285345153772e-01
1.407500000000000107e+01,9.973472569171342172e-01
1.408000000000000007e+01,9.968119301576621183e-01
1.408500000000000085e+01,9.980047488539118827e-01
1.408999999999999986e+01,9.995391417335230955e-01
1.409500000000000064e+01,9.997174778551389807e-01
1.409999999999999964e+01,9.984546756591763383e-01
1.410500000000000043e+01,9.972794250511757275e-01
1.410999999999999943e+01,9.975037477074242265e-01
1.411500000000000021e+01,9.987695908053171312e-01
1.412000000000000099e+01,9.995917024080491764e-01
1.412500000000000000e+01,9.991301992473182736e-01
1.413000000000000078e+01,9.980847192347178654e-01
1.413499999999999979e+01,9.977407181727397933e-01
1.414000000000000057e+01,9.984277809603528953e-01
1.414499999999999957e+01,9.992468854173527371e-01
1.415000000000000036e+01,9.992585324019882531e-01
1.415500000000000114e+01,9.985978997558961900e-01
1.416000000000000014e+01,9.982007408328414932e-01
1.416500000000000092e+01,9.985813830630891896e-01
1.416999999999999993e+01,9.992370308096734099e-01
1.417500000000000071e+01,9.993652429016721683e-01
1.417999999999999972e+01,9.988975701965381315e-01
1.418500000000000050e+01,9.985392254130701639e-01
1.418999999999999950e+01,9.988267348821908698e-01
1.419500000000000028e+01,9.994526015082929593e-01
1.420000000000000107e+01,9.997104968695709193e-01
1.420500000000000007e+01,9.994221908025697765e-01
1.421000000000000085e+01,9.991145474875959831e-01
1.421499999999999986e+01,9.992691070117992735e-01
1.422000000000000064e+01,9.997106977405780803e-01
1.422499999999999964e+01,9.999628945535312674e-01
1.423000000000000043e+01,9.999745312423924393e-01
1.423499999999999943e+01,9.999999124860401434e-01
1.424000000000000021e+01,9.996151648136236689e-01
1.424500000000000099e+01,9.973521402843362749e-01
1.425000000000000000e+01,9.920093743612299342e-01
1.425500000000000078e+01,9.844921421096634040e-01
1.425999999999999979e+01,9.777688407641793589e-01
1.426500000000000057e+01,9.741677974537668039e-01
1.426999999999999957e+01,9.725375596647408694e-01
1.427500000000000036e+01,9.690887521591610154e-01
1.428000000000000114e+01,9.620320514611655494e-01
1.428500000000000014e+01,9.548309890875046335e-01
1.429000000000000092e+01,9.538947316136204835e-01
1.429499999999999993e+01,9.629102580404553802e-01
1.430000000000000071e+01,9.789393917052817695e-01
1.430499999999999972e+01,9.936265818838523334e-01
1.431000000000000050e+01,9.995060604043242147e-01
1.431499999999999950e+01,9.962826732074486769e-01
1.432000000000000028e+01,9.904541506738572254e-01
1.432500000000000107e+01,9.887328238754515830e-01
1.433000000000000007e+01,9.923392366348748883e-01
1.433500000000000085e+01,9.971227701783123010e-01
1.433999999999999986e+01,9.984417951705231165e-01
1.434500000000000064e+01,9.957001017579860669e-01
1.434999999999999964e+01,9.920909796933766733e-01
1.435500000000000043e+01,9.906379922132632077e-01
1.435999999999999943e+01,9.914416217963156752e-01
1.436500000000000021e+01,9.925591215872151540e-01
1.437000000000000099e+01,9.926968809977919639e-01
1.437500000000000000e+01,9.924962208704755096e-01
1.438000000000000078e+01,9.932023531125064864e-01
1.438499999999999979e+01,9.948127484006226151e-01
1.439000000000000057e+01,9.961380070785030849e-01
1.439499999999999957e+01,9.963597194429133497e-01
1.440000000000000036e+01,9.959754169698030735e-01
1.440500000000000114e+01,9.960153064669333700e-01
1.441000000000000014e+01,9.965905622527198027e-01
1.441500000000000092e+01,9.967983937570654707e-01
1.441999999999999993e+01,9.960946316777462561e-01
1.442500000000000071e+01,9.951749325117620337e-01
1.442999999999999972e+01,9.952125133784610611e-01
1.443500000000000050e+01,9.963898821875130096e-01
1.443999999999999950e+01,9.975222070164824206e-01
1.444500000000000028e+01,9.972494673320432268e-01
1.445000000000000107e+01,9.951724221836792950e-01
1.445500000000000007e+01,9.914891321131548141e-01
1.446000000000000085e+01,9.859256682068346933e-01
1.446499999999999986e+01,9.780213591294476538e-01
1.447000000000000064e+01,9.691578761152033206e-01
1.447499999999999964e+01,9.634631807911804291e-01
1.448000000000000043e+01,9.652413959127843501e-01
1.448499999999999943e+01,9.750694986618684279e-01
1.449000000000000021e+01,9.883031545051034206e-01
1.449500000000000099e+01,9.977534982360485305e-01
1.450000000000000000e+01,9.992807234121229287e-01
1.450500000000000078e+01,9.952745570729137903e-01
1.450999999999999979e+01,9.919095936952742054e-01
1.451500000000000057e+01,9.930655285680765054e-01
1.451999999999999957e+01,9.971975167782924920e-01
1.452500000000000036e+01,9.997442084912939730e-01
1.453000000000000114e+01,9.982725423648954877e-01
1.453500000000000014e+01,9.948839364115682482e-01
1.454000000000000092e+01,9.934806806396618839e-01
1.454499999999999993e+01,9.954141799284665915e-01
1.455000000000000071e+01,9.983322146310446010e-01
1.455499999999999972e+01,9.990668483149023338e-01
1.456000000000000050e+01,9.971411874649120932e-01
1.456499999999999950e+01,9.949862156181390471e-01
1.457000000000000028e+01,9.949328343922925200e-01
1.457500000000000107e+01,9.967176661695097417e-01
1.458000000000000007e+01,9.981466442784489024e-01
1.458500000000000085e+01,9.977671358256479106e-01
1.458999999999999986e+01,9.963658058493087832e-01
1.459500000000000064e+01,9.957166570543671824e-01
1.459999999999999964e+01,9.963672165371459943e-01
1.460500000000000043e+01,9.972174854118551757e-01
1.460999999999999943e+01,9.971312119115876005e-01
1.461500000000000021e+01,9.963700333904579320e-01
1.462000000000000099e+01,9.961154795260146466e-01
1.462500000000000000e+01,9.967870957131321763e-01
1.463000000000000078e+01,9.974010167836238061e-01
1.463499999999999979e+01,9.968844912030911942e-01
1.464000000000000057e+01,9.956100396354568005e-01
1.464499999999999957e+01,9.950894993738259586e-01
1.465000000000000036e+01,9.961189994203716314e-01
1.465500000000000114e+01,9.975873798053378483e-01
1.466000000000000014e+01,9.975760542174536560e-01
1.466500000000000092e+01,9.957014013972524946e-01
1.466999999999999993e+01,9.938257648163070224e-01
1.467500000000000071e+01,9.940222906557417692e-01
1.467999999999999972e+01,9.959412412243282553e-01
1.468500000000000050e+01,9.966219353190975960e-01
1.468999999999999950e+01,9.935473948337172345e-01
1.469500000000000028e+01,9.880885582352061380e-01
1.470000000000000107e+01,9.853179809447748516e-01
1.470500000000000007e+01,9.893618071046584861e-01
1.471000000000000085e+01,9.973595280601432744e-01
1.471499999999999986e+01,9.972729977235538223e-01
1.472000000000000064e+01,9.736296704703562011e-01
1.472499999999999964e+01,9.184097472613059754e-01
1.473000000000000043e+01,8.394552251887563710e-01
1.473499999999999943e+01,7.617304045881947427e-01
1.474000000000000021e+01,7.182457758031199901e-01
1.474500000000000099e+01,7.308789527404644382e-01
1.475000000000000000e+01,7.946947051150918817e-01
1.475500000000000078e+01,8.808357344332902183e-01
1.475999999999999979e+01,9.541699896795792224e-01
1.476500000000000057e+01,9.921396111132008144e-01
1.476999999999999957e+01,9.952816854998935980e-01
1.477500000000000036e+01,9.827045072515490087e-01
1.478000000000000114e+01,9.751340584771206466e-01
1.478500000000000014e+01,9.803174007579522620e-01
1.479000000000000092e+01,9.917558227408157512e-01
1.479499999999999993e+01,9.985448325706201000e-01
1.480000000000000071e+01,9.964310413551142886e-01
1.480499999999999972e+01,9.904128362082791348e-01
1.481000000000000050e+01,9.879105958616776206e-01
1.481499999999999950e+01,9.910773373639475414e-01
1.482000000000000028e+01,9.958768522285106339e-01
1.482500000000000107e+01,9.973971013791451679e-01
1.483000000000000007e+01,9.950741459430121338e-01
1.483500000000000085e+01,9.924678421970543063e-01
1.483999999999999986e+01,9.926671247371821050e-01
1.484500000000000064e+01,9.950269068428646557e-01
1.484999999999999964e+01,9.965757872821860985e-01
1.485500000000000043e+01,9.958015954723075103e-01
1.485999999999999943e+01,9.942019782525215454e-01
1.486500000000000021e+01,9.940877866121020645e-01
1.487000000000000099e+01,9.956305550369590751e-01
1.487500000000000000e+01,9.967782675296177342e-01
1.488000000000000078e+01,9.960000364904565417e-01
1.488499999999999979e+01,9.943070749966862465e-01
1.489000000000000057e+01,9.939947929121957237e-01
1.489499999999999957e+01,9.957331351416227605e-01
1.490000000000000036e+01,9.975858558811752097e-01
1.490500000000000114e+01,9.972474550551985173e-01
1.491000000000000014e+01,9.949350572755513156e-01
1.491500000000000092e+01,9.933185024455404299e-01
1.491999999999999993e+01,9.944334816213387107e-01
1.492500000000000071e+01,9.972276413787670712e-01
1.492999999999999972e+01,9.985965985267832856e-01
1.493500000000000050e+01,9.968901575683328797e-01
1.493999999999999950e+01,9.939278674177052242e-01
1.494500000000000028e+01,9.930166225536096736e-01
1.495000000000000107e+01,9.952399723117529851e-01
1.495500000000000007e+01,9.982289901264580489e-01
1.496000000000000085e+01,9.987235005544279343e-01
1.496499999999999986e+01,9.961857420312241196e-01
1.497000000000000064e+01,9.933976783279747647e-01
1.497499999999999964e+01,9.933412020922876007e-01
1.498000000000000043e+01,9.960013002295162732e-01
1.498499999999999943e+01,9.984950008909181385e-01
1.499000000000000021e+01,9.982228531042705022e-01
1.499500000000000099e+01,9.956270782331917424e-01
1.500000000000000000e+01,9.935227055271836916e-01
1.500500000000000078e+01,9.939768388736566207e-01
1.500999999999999979e+01,9.963032648633911581e-01
1.501500000000000057e+01,9.980225508929005951e-01
1.501999999999999957e+01,9.975308733127282723e-01
1.502500000000000036e+01,9.955852120146738704e-01
1.503000000000000114e+01,9.941821811814729459e-01
1.503500000000000014e+01,9.944729893989645575e-01
1.504000000000000092e+01,9.959157967428365898e-01
1.504499999999999993e+01,9.970982411882511887e-01
1.505000000000000071e+01,9.971258163327267887e-01
1.505499999999999972e+01,9.961656953883866183e-01
1.506000000000000050e+01,9.949993949154811723e-01
1.506499999999999950e+01,9.944453660079095592e-01
1.507000000000000028e+01,9.949488353773369154e-01
1.507500000000000107e+01,9.962541592231313192e-01
1.508000000000000007e+01,9.973709473270996329e-01
1.508500000000000085e+01,9.971655345981706997e-01
1.508999999999999986e+01,9.955120124609628807e-01
1.509500000000000064e+01,9.938890268483929757e-01
1.509999999999999964e+01,9.942248477703268250e-01
1.510500000000000043e+01,9.967056524575543808e-01
1.510999999999999943e+01,9.988969382116766882e-01
1.511500000000000021e+01,9.977214273350163420e-01
1.512000000000000099e+01,9.928526069329999260e-01
1.512500000000000000e+01,9.878212800895953549e-01
1.513000000000000078e+01,9.870433558010592856e-01
1.513499999999999979e+01,9.914158915120305782e-01
1.514000000000000057e+01,9.969462267422903867e-01
1.514499999999999957e+01,9.982951820431394951e-01
1.515000000000000036e+01,9.941621184941397127e-01
1.515500000000000114e+01,9.888013384292256847e-01
1.516000000000000014e+01,9.877539259733082444e-01
1.516500000000000092e+01,9.921888386653835434e-01
1.516999999999999993e+01,9.975625292687646528e-01
1.517500000000000071e+01,9.980521227323779776e-01
1.517999999999999972e+01,9.925437400895449347e-01
1.518500000000000050e+01,9.859321379097364391e-01
1.518999999999999950e+01,9.843653847527581435e-01
1.519500000000000028e+01,9.893261350844899660e-01
1.520000000000000107e+01,9.959557608675583262e-01
1.520500000000000007e+01,9.971678569262403258e-01
1.521000000000000085e+01,9.900845678328162869e-01
1.521499999999999986e+01,9.788942102974140802e-01
1.522000000000000064e+01,9.719832051765764369e-01
1.522499999999999964e+01,9.756465777276432938e-01
1.523000000000000043e+01,9.877505481696338130e-01
1.523499999999999943e+01,9.959016674019955939e-01
1.524000000000000021e+01,9.826915836734235743e-01
1.524500000000000099e+01,9.353841674568990072e-01
1.525000000000000000e+01,8.562806054495872843e-01
1.525500000000000078e+01,7.675892981806995419e-01
1.525999999999999979e+01,7.024580828906754615e-01
1.526500000000000057e+01,6.863324635903489401e-01
1.526999999999999957e+01,7.239812287941367330e-01
1.527500000000000036e+01,7.982831264575203090e-01
1.528000000000000114e+01,8.785722437792307105e-01
1.528500000000000014e+01,9.372810117386092266e-01
1.529000000000000092e+01,9.651518305574495749e-01
1.529499999999999993e+01,9.711183906481817285e-01
1.530000000000000071e+01,9.698173516523551640e-01
1.530499999999999972e+01,9.709742441052027218e-01
1.531000000000000050e+01,9.768332687547093274e-01
1.531499999999999950e+01,9.849810528305746882e-01
1.532000000000000028e+01,9.923012726447049126e-01
1.532500000000000107e+01,9.969636333435676345e-01
1.533000000000000007e+01,9.983806434981112865e-01
1.533500000000000085e+01,9.971048543195975000e-01
1.533999999999999986e+01,9.949593796521807310e-01
1.534500000000000064e+01,9.942075563850503173e-01
1.534999999999999964e+01,9.957911985708087776e-01
1.535500000000000043e+01,9.983059229267386980e-01
1.535999999999999943e+01,9.992621797742844425e-01
1.536500000000000021e+01,9.977704186098395045e-01
1.537000000000000099e+01,9.956240580583600730e-01
1.537500000000000000e+01,9.953390238731385509e-01
1.538000000000000078e+01,9.973041385609764387e-01
1.538499999999999979e+01,9.992817638161476390e-01
1.539000000000000057e+01,9.989724444843295359e-01
1.539499999999999957e+01,9.967505116630258621e-01
1.540000000000000036e+01,9.952559908458532556e-01
1.540500000000000114e+01,9.962918482457565617e-01
1.541000000000000014e+01,9.986693830034985009e-01
1.541500000000000092e+01,9.995499002379217846e-01
1.541999999999999993e+01,9.978229841532059163e-01
1.542500000000000071e+01,9.954892959812839948e-01
1.542999999999999972e+01,9.953168119250165313e-01
1.543500000000000050e+01,9.975547247270573070e-01
1.543999999999999950e+01,9.995625477407282800e-01
1.544500000000000028e+01,9.988846316001380732e-01
1.545000000000000107e+01,9.962204621126506954e-01
1.545500000000000007e+01,9.946611165943562982e-01
1.546000000000000085e+01,9.960593662457295494e-01
1.546499999999999986e+01,9.988026732338024516e-01
1.547000000000000064e+01,9.996114972561294110e-01
1.547499999999999964e+01,9.974029088189008130e-01
1.548000000000000043e+01,9.946511489072307199e-01
1.548500000000000121e+01,9.945307248713606274e-01
1.549000000000000021e+01,9.972049803580891325e-01
1.549500000000000099e+01,9.995477553317567709e-01
1.550000000000000000e+01,9.987052904931276176e-01
1.550500000000000078e+01,9.954736597551766542e-01
1.550999999999999979e+01,9.934390179042049684e-01
1.551500000000000057e+01,9.948588736123344933e-01
1.551999999999999957e+01,9.980717595073291815e-01
1.552500000000000036e+01,9.993532790184703751e-01
1.553000000000000114e+01,9.971791692244844629e-01
1.553500000000000014e+01,9.939613152150448272e-01
1.554000000000000092e+01,9.931312447591813530e-01
1.554499999999999993e+01,9.950564229403138228e-01
1.555000000000000071e+01,9.966226822570574129e-01
1.555499999999999972e+01,9.950580179365591249e-01
1.556000000000000050e+01,9.915995954745869811e-01
1.556499999999999950e+01,9.904600278410333747e-01
1.557000000000000028e+01,9.938268560561855924e-01
1.557500000000000107e+01,9.983766725700149447e-01
1.558000000000000007e+01,9.978845436292660409e-01
1.558500000000000085e+01,9.901533889460842897e-01
1.558999999999999986e+01,9.808110906815297181e-01
1.559500000000000064e+01,9.790875342951215199e-01
1.559999999999999964e+01,9.882820150945228477e-01
1.560500000000000043e+01,9.986598079967259345e-01
1.561000000000000121e+01,9.907701110269819811e-01
1.561500000000000021e+01,9.489480150708278217e-01
1.562000000000000099e+01,8.744911349022910230e-01
1.562500000000000000e+01,7.896351739592288865e-01
1.563000000000000078e+01,7.292827966136420370e-01
1.563499999999999979e+01,7.214136784334171937e-01
1.564000000000000057e+01,7.688968164868059674e-01
1.564499999999999957e+01,8.489284815690708585e-01
1.565000000000000036e+01,9.282055453022923786e-01
1.565500000000000114e+01,9.805627255418973842e-01
1.566000000000000014e+01,9.988024530618739849e-01
1.566500000000000092e+01,9.947971202352163811e-01
1.566999999999999993e+01,9.870592375927882411e-01
1.567500000000000071e+01,9.866705686782086815e-01
1.567999999999999972e+01,9.927794606619415596e-01
1.568500000000000050e+01,9.982502526927954367e-01
1.568999999999999950e+01,9.985023886421886541e-01
1.569500000000000028e+01,9.954191787749717690e-01
1.570000000000000107e+01,9.937820355010574813e-01
1.570500000000000007e+01,9.955612079935308723e-01
1.571000000000000085e+01,9.983965587425727151e-01
1.571499999999999986e+01,9.990125734493258136e-01
1.572000000000000064e+01,9.971489275966045618e-01
1.572499999999999964e+01,9.955204384633578041e-01
1.573000000000000043e+01,9.962757771503745197e-01
1.573500000000000121e+01,9.984699915292023498e-01
1.574000000000000021e+01,9.994080743053650462e-01
1.574500000000000099e+01,9.980080829447988133e-01
1.575000000000000000e+01,9.960821498118207495e-01
1.575500000000000078e+01,9.960481034980435133e-01
1.575999999999999979e+01,9.979627712251013527e-01
1.576500000000000057e+01,9.994931466158304412e-01
1.576999999999999957e+01,9.987899810077205398e-01
1.577500000000000036e+01,9.967533314155683222e-01
1.578000000000000114e+01,9.959322436761042230e-01
1.578500000000000014e+01,9.973982293395416976e-01
1.579000000000000092e+01,9.994118965905500751e-01
1.579499999999999993e+01,9.995152037917260923e-01
1.580000000000000071e+01,9.975313898114808175e-01
1.580499999999999972e+01,9.958289663035582162e-01
1.581000000000000050e+01,9.964843310032838186e-01
1.581499999999999950e+01,9.987494408695842818e-01
1.582000000000000028e+01,9.999026854468214820e-01
1.582500000000000107e+01,9.985100586656672217e-01
1.583000000000000007e+01,9.961909787522627013e-01
1.583500000000000085e+01,9.957166371768133573e-01
1.583999999999999986e+01,9.976777221620387603e-01
1.584500000000000064e+01,9.997265557816001902e-01
1.584999999999999964e+01,9.993558039112250269e-01
1.585500000000000043e+01,9.969321970961009249e-01
1.586000000000000121e+01,9.953188005480522182e-01
1.586500000000000021e+01,9.964608406535313545e-01
1.587000000000000099e+01,9.990003170294801116e-01
1.587500000000000000e+01,9.998315183470217749e-01
1.588000000000000078e+01,9.978238967183744590e-01
1.588499999999999979e+01,9.952706119958263375e-01
1.589000000000000057e+01,9.952208621517442122e-01
1.589499999999999957e+01,9.977804199760113013e-01
1.590000000000000036e+01,9.998374804310355968e-01
1.590500000000000114e+01,9.987014686667140539e-01
1.591000000000000014e+01,9.954334656081027521e-01
1.591500000000000092e+01,9.938009969310783731e-01
1.591999999999999993e+01,9.958394022477783381e-01
1.592500000000000071e+01,9.991709544336271343e-01
1.592999999999999972e+01,9.994780871476505180e-01
1.593500000000000050e+01,9.956014769166461331e-01
1.593999999999999950e+01,9.913932526025406311e-01
1.594500000000000028e+01,9.917315081714077607e-01
1.595000000000000107e+01,9.966313708389258341e-01
1.595500000000000007e+01,9.999536361382317384e-01
1.596000000000000085e+01,9.947149534810590943e-01
1.596499999999999986e+01,9.800904857787020585e-01
1.597000000000000064e+01,9.632092228119619737e-01
1.597499999999999964e+01,9.538467175956963917e-01
1.598000000000000043e+01,9.569158540618397657e-01
1.598500000000000121e+01,9.694109307223021110e-01
1.599000000000000021e+01,9.838126026388633871e-01
1.599500000000000099e+01,9.940528004031763398e-01
1.600000000000000000e+01,9.987340278668759286e-01
1.600499999999999901e+01,9.999147467597049310e-01
1.601000000000000156e+01,9.999988101427192966e-01
1.601500000000000057e+01,9.999993599444501058e-01
1.601999999999999957e+01,9.999404288845469280e-01
1.602499999999999858e+01,9.998391790425307235e-01
1.603000000000000114e+01,9.998759011279577669e-01
1.603500000000000014e+01,9.999923313601450925e-01
1.603999999999999915e+01,9.998807815270543964e-01
1.604500000000000171e+01,9.994821028707800981e-01
1.605000000000000071e+01,9.991985939461476285e-01
1.605499999999999972e+01,9.993973729423302199e-01
1.605999999999999872e+01,9.998456052605598776e-01
1.606500000000000128e+01,9.999144641722910176e-01
1.607000000000000028e+01,9.993768533486737660e-01
1.607499999999999929e+01,9.987638244678176402e-01
1.608000000000000185e+01,9.987487355550919155e-01
1.608500000000000085e+01,9.992986082338864984e-01
1.608999999999999986e+01,9.996914089074995236e-01
1.609499999999999886e+01,9.994036404454402778e-01
1.610000000000000142e+01,9.987130406767401603e-01
1.610500000000000043e+01,9.981866672843409116e-01
1.610999999999999943e+01,9.976943158082198781e-01
1.611500000000000199e+01,9.963358812018544564e-01
1.612000000000000099e+01,9.936100559158647094e-01
1.612500000000000000e+01,9.904717425981492962e-01
1.612999999999999901e+01,9.888313094577649842e-01
1.613500000000000156e+01,9.898338495862953890e-01
1.614000000000000057e+01,9.927555709434277009e-01
1.614499999999999957e+01,9.957307626676755730e-01
1.614999999999999858e+01,9.974576398236527641e-01
1.615500000000000114e+01,9.979597021531800838e-01
1.616000000000000014e+01,9.977562478116344113e-01
1.616499999999999915e+01,9.968319775240964686e-01
1.617000000000000171e+01,9.950042183885019487e-01
1.617500000000000071e+01,9.931980580092831801e-01
1.617999999999999972e+01,9.933412401756074317e-01
1.618499999999999872e+01,9.960217322206061930e-01
1.619000000000000128e+01,9.983128485366494775e-01
1.619500000000000028e+01,9.951022283980233141e-01
1.619999999999999929e+01,9.843411317667940530e-01
1.620500000000000185e+01,9.715094768736531883e-01
1.621000000000000085e+01,9.668945644571789177e-01
1.621499999999999986e+01,9.756353431889721595e-01
1.621999999999999886e+01,9.880500699723733238e-01
1.622500000000000142e+01,9.786138781389562835e-01
1.623000000000000043e+01,9.179931241699855748e-01
1.623499999999999943e+01,7.938733329621103785e-01
1.624000000000000199e+01,6.264613229388422688e-01
1.624500000000000099e+01,4.665878541983874972e-01
1.625000000000000000e+01,3.754498162371306957e-01
1.625499999999999901e+01,3.934542713928982360e-01
1.626000000000000156e+01,5.156668465782866528e-01
1.626500000000000057e+01,6.935172633667334718e-01
1.626999999999999957e+01,8.614092131887642889e-01
1.627499999999999858e+01,9.684368561317051594e-01
1.628000000000000114e+01,9.999016513493308445e-01
1.628500000000000014e+01,9.796375535187725747e-01
1.628999999999999915e+01,9.496764879259693704e-01
1.629500000000000171e+01,9.412056626451137387e-01
1.630000000000000071e+01,9.586812396368405986e-01
1.630499999999999972e+01,9.848059620819245019e-01
1.630999999999999872e+01,9.989263885857565528e-01
1.631500000000000128e+01,9.942863499631517943e-01
1.632000000000000028e+01,9.807203821909369346e-01
1.632499999999999929e+01,9.730385042106547422e-01
1.633000000000000185e+01,9.778708886252986954e-01
1.633500000000000085e+01,9.897317192185186574e-01
1.633999999999999986e+01,9.978348425991909743e-01
1.634499999999999886e+01,9.964830431813216371e-01
1.635000000000000142e+01,9.891331007301478184e-01
1.635500000000000043e+01,9.837040510049063213e-01
1.635999999999999943e+01,9.850832348905468328e-01
1.636500000000000199e+01,9.914400214049934323e-01
1.637000000000000099e+01,9.968309452693148165e-01
1.637500000000000000e+01,9.970400267418204621e-01
1.637999999999999901e+01,9.928938118965673354e-01
1.638500000000000156e+01,9.887705228976069183e-01
1.639000000000000057e+01,9.885146105310079756e-01
1.639499999999999957e+01,9.922299059682562206e-01
1.639999999999999858e+01,9.964826116724141425e-01
1.640500000000000114e+01,9.975306504244061401e-01
1.641000000000000014e+01,9.945382327109739684e-01
1.641499999999999915e+01,9.902128787908275331e-01
1.642000000000000171e+01,9.884885442730264593e-01
1.642500000000000071e+01,9.910870615786384619e-01
1.642999999999999972e+01,9.959420844374011761e-01
1.643499999999999872e+01,9.989264865073501642e-01
1.644000000000000128e+01,9.974262979202273005e-01
1.644500000000000028e+01,9.927344379023081977e-01
1.644999999999999929e+01,9.889951116877799819e-01
1.645500000000000185e+01,9.895039392629103592e-01
1.646000000000000085e+01,9.938098659169281035e-01
1.646499999999999986e+01,9.980483557118873250e-01
1.646999999999999886e+01,9.980590139997733701e-01
1.647500000000000142e+01,9.929484530321411873e-01
1.648000000000000043e+01,9.861499867060461444e-01
1.648499999999999943e+01,9.829703242116245576e-01
1.649000000000000199e+01,9.866676498463543554e-01
1.649500000000000099e+01,9.949258064051647032e-01
1.650000000000000000e+01,9.981958062018689848e-01
1.650499999999999901e+01,9.828987705120195706e-01
1.651000000000000156e+01,9.391741273587623784e-01
1.651500000000000057e+01,8.685456860309461735e-01
1.651999999999999957e+01,7.886729393991163128e-01
1.652499999999999858e+01,7.305699972869168501e-01
1.653000000000000114e+01,7.224117701781133105e-01
1.653500000000000014e+01,7.695475978559287444e-01
1.653999999999999915e+01,8.504643679283879765e-01
1.654500000000000171e+01,9.309383679651237475e-01
1.655000000000000071e+01,9.829557214382774744e-01
1.655499999999999972e+01,9.982081413204592080e-01
1.655999999999999872e+01,9.895279402575786198e-01
1.656500000000000128e+01,9.781065192347171422e-01
1.657000000000000028e+01,9.770967708372082505e-01
1.657499999999999929e+01,9.855372000826587708e-01
1.658000000000000185e+01,9.944508257114395011e-01
1.658500000000000085e+01,9.968984973917395243e-01
1.658999999999999986e+01,9.933650983265216450e-01
1.659499999999999886e+01,9.892891774201820754e-01
1.660000000000000142e+01,9.888555746399597668e-01
1.660500000000000043e+01,9.917532612648667367e-01
1.660999999999999943e+01,9.948895994819000332e-01
1.661500000000000199e+01,9.958940605161692439e-01
1.662000000000000099e+01,9.948693524830425350e-01
1.662500000000000000e+01,9.934495673339273081e-01
1.662999999999999901e+01,9.928812965638700305e-01
1.663500000000000156e+01,9.933060995892681877e-01
1.664000000000000057e+01,9.942997201435708199e-01
1.664499999999999957e+01,9.953656694359681589e-01
1.664999999999999858e+01,9.960091485052778859e-01
1.665500000000000114e+01,9.958117321374928554e-01
1.666000000000000014e+01,9.947864528709673415e-01
1.666499999999999915e+01,9.937315038035792192e-01
1.667000000000000171e+01,9.937716619172540788e-01
1.667500000000000071e+01,9.951806846464830159e-01
1.667999999999999972e+01,9.968655943160458222e-01
1.668499999999999872e+01,9.972602392792058179e-01
1.669000000000000128e+01,9.958733763494673763e-01
1.669500000000000028e+01,9.939790100130000416e-01
1.669999999999999929e+01,9.934955950068199426e-01
1.670500000000000185e+01,9.950583262729912892e-01
1.671000000000000085e+01,9.973273564691628179e-01
1.671499999999999986e+01,9.982177889203092125e-01
1.671999999999999886e+01,9.968799994868895453e-01
1.672500000000000142e+01,9.945418989409265942e-01
1.673000000000000043e+01,9.933120651591724748e-01
1.673499999999999943e+01,9.941445311209002877e-01
1.674000000000000199e+01,9.959895610030695678e-01
1.674500000000000099e+01,9.968775651728494225e-01
1.675000000000000000e+01,9.958974006728441575e-01
1.675499999999999901e+01,9.941674014045707164e-01
1.676000000000000156e+01,9.937625283239421847e-01
1.676500000000000057e+01,9.955919072124632674e-01
1.676999999999999957e+01,9.983055564395146853e-01
1.677499999999999858e+01,9.993969533698576768e-01
1.678000000000000114e+01,9.976623963321276101e-01
1.678500000000000014e+01,9.946482376549722337e-01
1.678999999999999915e+01,9.933455912570119395e-01
1.679500000000000171e+01,9.951791916767874779e-01
1.680000000000000071e+01,9.983452426106447231e-01
1.680499999999999972e+01,9.994868901737106182e-01
1.680999999999999872e+01,9.973550011492219314e-01
1.681500000000000128e+01,9.943196932120823561e-01
1.682000000000000028e+01,9.931353005754609553e-01
1.682499999999999929e+01,9.916867940538074411e-01
1.683000000000000185e+01,9.817241289882108202e-01
1.683500000000000085e+01,9.553870194065734456e-01
1.683999999999999986e+01,9.155251739524454813e-01
1.684499999999999886e+01,8.786495632223882968e-01
1.685000000000000142e+01,8.651549256423995971e-01
1.685500000000000043e+01,8.848180424378723208e-01
1.685999999999999943e+01,9.285201101630755627e-01
1.686500000000000199e+01,9.725056522226502853e-01
1.687000000000000099e+01,9.951409384966372063e-01
1.687500000000000000e+01,9.932527648920193020e-01
1.687999999999999901e+01,9.815648045829017398e-01
1.688500000000000156e+01,9.770324254513989004e-01
1.689000000000000057e+01,9.845169608417738694e-01
1.689499999999999957e+01,9.953300005609296841e-01
1.689999999999999858e+01,9.982439208127413810e-01
1.690500000000000114e+01,9.916483043417592125e-01
1.691000000000000014e+01,9.841267625252743123e-01
1.691499999999999915e+01,9.842534063361370045e-01
1.692000000000000171e+01,9.917120460567188100e-01
1.692500000000000071e+01,9.983372927492719651e-01
1.692999999999999972e+01,9.972522367777651997e-01
1.693499999999999872e+01,9.901590986782937698e-01
1.694000000000000128e+01,9.848113796318622715e-01
1.694500000000000028e+01,9.863344896508232651e-01
1.694999999999999929e+01,9.923197302965552913e-01
1.695500000000000185e+01,9.961106043408793909e-01
1.696000000000000085e+01,9.941592804622291224e-01
1.696499999999999986e+01,9.894353820923964538e-01
1.696999999999999886e+01,9.874572399659764521e-01
1.697500000000000142e+01,9.901841016813601737e-01
1.698000000000000043e+01,9.945198074440573244e-01
1.698499999999999943e+01,9.961336604812645046e-01
1.699000000000000199e+01,9.940421394482323869e-01
1.699500000000000099e+01,9.910197904795680079e-01
1.700000000000000000e+01,9.899608305772189532e-01
1.700499999999999901e+01,9.911064761271515255e-01
1.701000000000000156e+01,9.927558459091301302e-01
1.701500000000000057e+01,9.935128987428286651e-01
1.701999999999999957e+01,9.934040721109951289e-01
1.702499999999999858e+01,9.929165460014325317e-01
1.703000000000000114e+01,9.918755271399815054e-01
1.703500000000000014e+01,9.903151231021845025e-01
1.703999999999999915e+01,9.895183221251847572e-01
1.704500000000000171e+01,9.908775108484659810e-01
1.705000000000000071e+01,9.938153137257826897e-01
1.705499999999999972e+01,9.953337130803285859e-01
1.705999999999999872e+01,9.927997166824268360e-01
1.706500000000000128e+01,9.877481579265894318e-01
1.707000000000000028e+01,9.852507708541636822e-01
1.707499999999999929e+01,9.885600817547982588e-01
1.708000000000000185e+01,9.949702463164635802e-01
1.708500000000000085e+01,9.975446773688085855e-01
1.708999999999999986e+01,9.922522159115294560e-01
1.709499999999999886e+01,9.834001351723052897e-01
1.710000000000000142e+01,9.799093701558243552e-01
1.710500000000000043e+01,9.859415089421572631e-01
1.710999999999999943e+01,9.958883912780405190e-01
1.711500000000000199e+01,9.989014718499176215e-01
1.712000000000000099e+01,9.898964831759682337e-01
1.712500000000000000e+01,9.757671898617483741e-01
1.712999999999999901e+01,9.686501589717153582e-01
1.713500000000000156e+01,9.735861320152288112e-01
1.714000000000000057e+01,9.834308096302486479e-01
1.714499999999999957e+01,9.856611468605603887e-01
1.715000000000000213e+01,9.752972009931166752e-01
1.715500000000000114e+01,9.609189051450000019e-01
1.716000000000000014e+01,9.570110226001027343e-01
1.716499999999999915e+01,9.701070683415833340e-01
1.717000000000000171e+01,9.905258950418537323e-01
1.717500000000000071e+01,9.983026548243654208e-01
1.717999999999999972e+01,9.812124779896362892e-01
1.718499999999999872e+01,9.473841153323210307e-01
1.719000000000000128e+01,9.207248682644907367e-01
1.719500000000000028e+01,9.242116974248077987e-01
1.719999999999999929e+01,9.589015936868019452e-01
1.720500000000000185e+01,9.929079813113701469e-01
1.721000000000000085e+01,9.756751122751474714e-01
1.721499999999999986e+01,8.676519675888427763e-01
1.721999999999999886e+01,6.671034479992915545e-01
1.722500000000000142e+01,4.264119288915007022e-01
1.723000000000000043e+01,2.374099309774935218e-01
1.723499999999999943e+01,1.782754799883881636e-01
1.724000000000000199e+01,2.681488165770101739e-01
1.724500000000000099e+01,4.663753624581604695e-01
1.725000000000000000e+01,6.971987239526823421e-01
1.725499999999999901e+01,8.821812909200485997e-01
1.726000000000000156e+01,9.779472826074486758e-01
1.726500000000000057e+01,9.939385451199831412e-01
1.726999999999999957e+01,9.720909299966303818e-01
1.727500000000000213e+01,9.523897704530495112e-01
1.728000000000000114e+01,9.527898892226094318e-01
1.728500000000000014e+01,9.688349339264632487e-01
1.728999999999999915e+01,9.863526181111177404e-01
1.729500000000000171e+01,9.952478752425624187e-01
1.730000000000000071e+01,9.944432563013391180e-01
1.730499999999999972e+01,9.888761611723311251e-01
1.730999999999999872e+01,9.844379947828922894e-01
1.731500000000000128e+01,9.843805243204349908e-01
1.732000000000000028e+01,9.884035645797170089e-01
1.732499999999999929e+01,9.936861472098403869e-01
1.733000000000000185e+01,9.966336915958886600e-01
1.733500000000000085e+01,9.951877599301877098e-01
1.733999999999999986e+01,9.906874838252971438e-01
1.734499999999999886e+01,9.870638753603894200e-01
1.735000000000000142e+01,9.876078477707914693e-01
1.735500000000000043e+01,9.921265435701671631e-01
1.735999999999999943e+01,9.965803275005927775e-01
1.736500000000000199e+01,9.960968232970007774e-01
1.737000000000000099e+01,9.895961219180861024e-01
1.737500000000000000e+01,9.814300493299905614e-01
1.737999999999999901e+01,9.785067015111461597e-01
1.738500000000000156e+01,9.846487726761391501e-01
1.739000000000000057e+01,9.946314093788846122e-01
1.739499999999999957e+01,9.937261142283699833e-01
1.740000000000000213e+01,9.656573125276527447e-01
1.740500000000000114e+01,9.038035426614285939e-01
1.741000000000000014e+01,8.206163659099482421e-01
1.741499999999999915e+01,7.478528515304500024e-01
1.742000000000000171e+01,7.194319718222370597e-01
1.742500000000000071e+01,7.486403634235322402e-01
1.742999999999999972e+01,8.210807316024419933e-01
1.743499999999999872e+01,9.046458186092893872e-01
1.744000000000000128e+01,9.670787840074623887e-01
1.744500000000000028e+01,9.939833057623670420e-01
1.744999999999999929e+01,9.943405545499356402e-01
1.745500000000000185e+01,9.876129146623284782e-01
1.746000000000000085e+01,9.866629311968855287e-01
1.746499999999999986e+01,9.916674738998305649e-01
1.746999999999999886e+01,9.960096824618592803e-01
1.747500000000000142e+01,9.958675561381361563e-01
1.748000000000000043e+01,9.937285102369557421e-01
1.748499999999999943e+01,9.937160446277661929e-01
1.749000000000000199e+01,9.961624829697531824e-01
1.749500000000000099e+01,9.978662327328207127e-01
1.750000000000000000e+01,9.966670399530019875e-01
1.750499999999999901e+01,9.943429260790959123e-01
1.751000000000000156e+01,9.942250050237226855e-01
1.751500000000000057e+01,9.967714985072635425e-01
1.751999999999999957e+01,9.989065814661359788e-01
1.752500000000000213e+01,9.978856798876275525e-01
1.753000000000000114e+01,9.948462515430105402e-01
1.753500000000000014e+01,9.935666219781474906e-01
1.753999999999999915e+01,9.957893556045870342e-01
1.754500000000000171e+01,9.989156403286518771e-01
1.755000000000000071e+01,9.990565074847779226e-01
1.755499999999999972e+01,9.958234881386801574e-01
1.755999999999999872e+01,9.930052714407520131e-01
1.756500000000000128e+01,9.940793048796148224e-01
1.757000000000000028e+01,9.978666649968701563e-01
1.757499999999999929e+01,9.997379770296059842e-01
1.758000000000000185e+01,9.971497112390079742e-01
1.758500000000000085e+01,9.929179056314372254e-01
1.758999999999999986e+01,9.920695277619226982e-01
1.759499999999999886e+01,9.957564151671898234e-01
1.760000000000000142e+01,9.995573588727211245e-01
1.760500000000000043e+01,9.985498178404493830e-01
1.760999999999999943e+01,9.933726623897629615e-01
1.761500000000000199e+01,9.898928929751553696e-01
1.762000000000000099e+01,9.923745949486044715e-01
1.762500000000000000e+01,9.980078646810004450e-01
1.762999999999999901e+01,9.996646655736324272e-01
1.763500000000000156e+01,9.943003827965744001e-01
1.764000000000000057e+01,9.872574423291951007e-01
1.764499999999999957e+01,9.866961650983181453e-01
1.765000000000000213e+01,9.937378830209828706e-01
1.765500000000000114e+01,9.998131599639135114e-01
1.766000000000000014e+01,9.955776222983367951e-01
1.766499999999999915e+01,9.824884267491598155e-01
1.767000000000000171e+01,9.735040781213306627e-01
1.767500000000000071e+01,9.797499399523510455e-01
1.767999999999999972e+01,9.954194138960779092e-01
1.768499999999999872e+01,9.973337910706496778e-01
1.769000000000000128e+01,9.627903785887310661e-01
1.769500000000000028e+01,8.913019776657629123e-01
1.769999999999999929e+01,8.105344774840155253e-01
1.770500000000000185e+01,7.597937524411471077e-01
1.771000000000000085e+01,7.637222491816215708e-01
1.771499999999999986e+01,8.169823965213813821e-01
1.771999999999999886e+01,8.907193210353607782e-01
1.772500000000000142e+01,9.533831959359716501e-01
1.773000000000000043e+01,9.887653221428148731e-01
1.773499999999999943e+01,9.996325329128123993e-01
1.774000000000000199e+01,9.985692806036920999e-01
1.774500000000000099e+01,9.963837832098658698e-01
1.775000000000000000e+01,9.968422368375823295e-01
1.775499999999999901e+01,9.986412818622921739e-01
1.776000000000000156e+01,9.997845966462799439e-01
1.776500000000000057e+01,9.998718670502499961e-01
1.776999999999999957e+01,9.996206305011968718e-01
1.777500000000000213e+01,9.995942771899466450e-01
1.778000000000000114e+01,9.997738032239253947e-01
1.778500000000000014e+01,9.999330174658885850e-01
1.778999999999999915e+01,9.999927684270288886e-01
1.779500000000000171e+01,9.999992164857842702e-01
1.780000000000000071e+01,9.999851166100657274e-01
1.780499999999999972e+01,9.999609416827195396e-01
1.780999999999999872e+01,9.999557949318942374e-01
1.781500000000000128e+01,9.999768590576438854e-01
1.782000000000000028e+01,9.999651313309638745e-01
1.782499999999999929e+01,9.998706056187998126e-01
1.783000000000000185e+01,9.997597198804223373e-01
1.783500000000000085e+01,9.997633876292993937e-01
1.783999999999999986e+01,9.998899454129517306e-01
1.784499999999999886e+01,9.999653312227094748e-01
1.785000000000000142e+01,9.998351887405476646e-01
1.785500000000000043e+01,9.995940214995528983e-01
1.785999999999999943e+01,9.995118637941682316e-01
1.786500000000000199e+01,9.996988714197634351e-01
1.787000000000000099e+01,9.999267859273393011e-01
1.787500000000000000e+01,9.998785139324093407e-01
1.787999999999999901e+01,9.995531670135633373e-01
1.788500000000000156e+01,9.993081415354411190e-01
1.789000000000000057e+01,9.994382110640668282e-01
1.789499999999999957e+01,9.997898154673369175e-01
1.790000000000000213e+01,9.999147060337940651e-01
1.790500000000000114e+01,9.996147474936440958e-01
1.791000000000000014e+01,9.992131099585113141e-01
1.791499999999999915e+01,9.991842267299736458e-01
1.792000000000000171e+01,9.995649377990152296e-01
1.792500000000000071e+01,9.998790617355231003e-01
1.792999999999999972e+01,9.997051665176681645e-01
1.793499999999999872e+01,9.992106859901970228e-01
1.794000000000000128e+01,9.989769609292292740e-01
1.794500000000000028e+01,9.992919003351393714e-01
1.794999999999999929e+01,9.997682780517676004e-01
1.795500000000000185e+01,9.997885198385632055e-01
1.796000000000000085e+01,9.992673729124903481e-01
1.796499999999999986e+01,9.987953306908187168e-01
1.796999999999999886e+01,9.989449554165722445e-01
1.797500000000000142e+01,9.995521011552307433e-01
1.798000000000000043e+01,9.998644149512856405e-01
1.798499999999999943e+01,9.994301924907542656e-01
1.799000000000000199e+01,9.986787520655486805e-01
1.799500000000000099e+01,9.984608237878648263e-01
1.800000000000000000e+01,9.990471266741863809e-01
1.800499999999999901e+01,9.997615403435278214e-01
1.801000000000000156e+01,9.997179035121568358e-01
1.801500000000000057e+01,9.988416667747539446e-01
1.801999999999999957e+01,9.979919334500195749e-01
1.802500000000000213e+01,9.980226179089901617e-01
1.803000000000000114e+01,9.988475450610765360e-01
1.803500000000000014e+01,9.995410577180464662e-01
1.803999999999999915e+01,9.992914879286630692e-01
1.804500000000000171e+01,9.980788213413633869e-01
1.805000000000000071e+01,9.963380308559617315e-01
1.805499999999999972e+01,9.941351257558128651e-01
1.805999999999999872e+01,9.910230900941736643e-01
1.806500000000000128e+01,9.869189093845276428e-01
1.807000000000000028e+01,9.829763922491914219e-01
1.807499999999999929e+01,9.812349007281871982e-01
1.808000000000000185e+01,9.831417963333499710e-01
1.808500000000000085e+01,9.882535322704717462e-01
1.808999999999999986e+01,9.942263008969151050e-01
1.809499999999999886e+01,9.981848456419810667e-01
1.810000000000000142e+01,9.985822534350584645e-01
1.810500000000000043e+01,9.961921292291786578e-01
1.810999999999999943e+01,9.934974070577798910e-01
1.811500000000000199e+01,9.929586510713184211e-01
1.812000000000000099e+01,9.952059480244023204e-01
1.812500000000000000e+01,9.982662838770335334e-01
1.812999999999999901e+01,9.987457421410081970e-01
1.813500000000000156e+01,9.946602929168409934e-01
1.814000000000000057e+01,9.878712132758131759e-01
1.814499999999999957e+01,9.835942106202397728e-01
1.815000000000000213e+01,9.862410310387406120e-01
1.815500000000000114e+01,9.943326885503075419e-01
1.816000000000000014e+01,9.994662420490181276e-01
1.816499999999999915e+01,9.921947427515416251e-01
1.817000000000000171e+01,9.716231736440532618e-01
1.817500000000000071e+01,9.501348097190822628e-01
1.817999999999999972e+01,9.461821492751097962e-01
1.818499999999999872e+01,9.673738966664460204e-01
1.819000000000000128e+01,9.954882299559071335e-01
1.819500000000000028e+01,9.871947198298040016e-01
1.819999999999999929e+01,8.964275282645260967e-01
1.820500000000000185e+01,7.078350379806103154e-01
1.821000000000000085e+01,4.583628016015482975e-01
1.821499999999999986e+01,2.298436389837006377e-01
1.821999999999999886e+01,1.131878184645322971e-01
1.822500000000000142e+01,1.610521032590756518e-01
1.823000000000000043e+01,3.561044919854097768e-01
1.823499999999999943e+01,6.176938012262396249e-01
1.824000000000000199e+01,8.456881092547613443e-01
1.824500000000000099e+01,9.732246704588063402e-01
1.825000000000000000e+01,9.945689481538527721e-01
1.825499999999999901e+01,9.546762416717629041e-01
1.826000000000000156e+01,9.131914083310266328e-01
1.826500000000000057e+01,9.071039843098397393e-01
1.826999999999999957e+01,9.349583014105948831e-01
1.827500000000000213e+01,9.712699538843927449e-01
1.828000000000000114e+01,9.924827143489931558e-01
1.828500000000000014e+01,9.894952764804689771e-01
1.828999999999999915e+01,9.657036388496303969e-01
1.829500000000000171e+01,9.282188494734533446e-01
1.830000000000000071e+01,8.774376751636085991e-01
1.830499999999999972e+01,8.121373820242111519e-01
1.830999999999999872e+01,7.491799914972292473e-01
1.831500000000000128e+01,7.208589452928763075e-01
1.832000000000000028e+01,7.451199151137328780e-01
1.832499999999999929e+01,8.116407643402916428e-01
1.833000000000000185e+01,8.941666070770392105e-01
1.833500000000000085e+01,9.631237896290676392e-01
1.833999999999999986e+01,9.964634064190862617e-01
1.834499999999999886e+01,9.938855140187807802e-01
1.835000000000000142e+01,9.762986578586647646e-01
1.835500000000000043e+01,9.663745396042534574e-01
1.835999999999999943e+01,9.723223217138683427e-01
1.836500000000000199e+01,9.869710702956804305e-01
1.837000000000000099e+01,9.972282566148509275e-01
1.837500000000000000e+01,9.960791843117593469e-01
1.837999999999999901e+01,9.876853624598791459e-01
1.838500000000000156e+01,9.815106825721322537e-01
1.839000000000000057e+01,9.831553040670600874e-01
1.839499999999999957e+01,9.904977152278483521e-01
1.840000000000000213e+01,9.966995311074591246e-01
1.840500000000000114e+01,9.968387927720320230e-01
1.841000000000000014e+01,9.920800531784457199e-01
1.841499999999999915e+01,9.876441355385430221e-01
1.842000000000000171e+01,9.876347669459485390e-01
1.842500000000000071e+01,9.917643502176421988e-01
1.842999999999999972e+01,9.961455042970022156e-01
1.843499999999999872e+01,9.971512008056551135e-01
1.844000000000000128e+01,9.945873996985210574e-01
1.844500000000000028e+01,9.912831704312953240e-01
1.844999999999999929e+01,9.902731650520427698e-01
1.845500000000000185e+01,9.923197087299417962e-01
1.846000000000000085e+01,9.955346582768118679e-01
1.846499999999999986e+01,9.972646781235353641e-01
1.846999999999999886e+01,9.963411145173970418e-01
1.847500000000000142e+01,9.937802190036097993e-01
1.848000000000000043e+01,9.918643943815127484e-01
1.848499999999999943e+01,9.923384759183364601e-01
1.849000000000000199e+01,9.949002764590986203e-01
1.849500000000000099e+01,9.973460911657664463e-01
1.850000000000000000e+01,9.973873501518546458e-01
1.850499999999999901e+01,9.947908380340242385e-01
1.851000000000000156e+01,9.919718631561684763e-01
1.851500000000000057e+01,9.918303335013265443e-01
1.851999999999999957e+01,9.944427862443930843e-01
1.852500000000000213e+01,9.963177639576693556e-01
1.853000000000000114e+01,9.939853739022267431e-01
1.853500000000000014e+01,9.888717359412404484e-01
1.853999999999999915e+01,9.870200105385265044e-01
1.854500000000000171e+01,9.910713260516001988e-01
1.855000000000000071e+01,9.909118295506507135e-01
1.855499999999999972e+01,9.637359883954219608e-01
1.855999999999999872e+01,8.901546467150736053e-01
1.856500000000000128e+01,7.779941937622424364e-01
1.857000000000000028e+01,6.689750802049907463e-01
1.857499999999999929e+01,6.158116457121523002e-01
1.858000000000000185e+01,6.488739817105380059e-01
1.858500000000000085e+01,7.554457353585334323e-01
1.858999999999999986e+01,8.825510098311801777e-01
1.859499999999999886e+01,9.697256624804519998e-01
1.860000000000000142e+01,9.924625738115375739e-01
1.860500000000000043e+01,9.735778790142222139e-01
1.860999999999999943e+01,9.540944520045100408e-01
1.861500000000000199e+01,9.580671644856835201e-01
1.862000000000000099e+01,9.792826609056851650e-01
1.862500000000000000e+01,9.949377240979533354e-01
1.862999999999999901e+01,9.921005193672889355e-01
1.863500000000000156e+01,9.794221783824801353e-01
1.864000000000000057e+01,9.740823215157108361e-01
1.864499999999999957e+01,9.825724893117433467e-01
1.865000000000000213e+01,9.952589461866148124e-01
1.865500000000000114e+01,9.983449295816317903e-01
1.866000000000000014e+01,9.897273896153967465e-01
1.866499999999999915e+01,9.804068237154472953e-01
1.867000000000000171e+01,9.811772420889297575e-01
1.867500000000000071e+01,9.910611478033356514e-01
1.867999999999999972e+01,9.990958468151058813e-01
1.868499999999999872e+01,9.968478174151373938e-01
1.869000000000000128e+01,9.877405239027474693e-01
1.869500000000000028e+01,9.823986628001508681e-01
1.869999999999999929e+01,9.864905596384212494e-01
1.870500000000000185e+01,9.951325323580012538e-01
1.871000000000000085e+01,9.988374360860210466e-01
1.871499999999999986e+01,9.941608870422189437e-01
1.871999999999999886e+01,9.870862922480585500e-01
1.872500000000000142e+01,9.855393799019128709e-01
1.873000000000000043e+01,9.906661010580462001e-01
1.873499999999999943e+01,9.964054089100430334e-01
1.874000000000000199e+01,9.966844703366686264e-01
1.874500000000000099e+01,9.920499884083486819e-01
1.875000000000000000e+01,9.882983924809023435e-01
1.875499999999999901e+01,9.893160674966545720e-01
1.876000000000000156e+01,9.931832445440063051e-01
1.876500000000000057e+01,9.952478595728331268e-01
1.876999999999999957e+01,9.936770388945962429e-01
1.877500000000000213e+01,9.911428376005977370e-01
1.878000000000000114e+01,9.909367794014669606e-01
1.878500000000000014e+01,9.927942033551659939e-01
1.878999999999999915e+01,9.938340087300269188e-01
1.879500000000000171e+01,9.926692070691642833e-01
1.880000000000000071e+01,9.911588395931236750e-01
1.880499999999999972e+01,9.918348879748020153e-01
1.880999999999999872e+01,9.942096096045909270e-01
1.881500000000000128e+01,9.950378832907126325e-01
1.882000000000000028e+01,9.926813444973225931e-01
1.882499999999999929e+01,9.896610456180530146e-01
1.883000000000000185e+01,9.898794757532800581e-01
1.883500000000000085e+01,9.937788162658612867e-01
1.883999999999999986e+01,9.971233331072493211e-01
1.884499999999999886e+01,9.956279681047620622e-01
1.885000000000000142e+01,9.904270711398650562e-01
1.885500000000000043e+01,9.872548835357313202e-01
1.885999999999999943e+01,9.900261277552957484e-01
1.886500000000000199e+01,9.961396203534484961e-01
1.887000000000000099e+01,9.988301849691236800e-01
1.887500000000000000e+01,9.947160218106898544e-01
1.887999999999999901e+01,9.880273011877397371e-01
1.888500000000000156e+01,9.860618415175077534e-01
1.889000000000000057e+01,9.911449085820294158e-01
1.889499999999999957e+01,9.979338583271644136e-01
1.890000000000000213e+01,9.989727918652153704e-01
1.890500000000000114e+01,9.929680254546150442e-01
1.891000000000000014e+01,9.863321470087424991e-01
1.891499999999999915e+01,9.860733830187415894e-01
1.892000000000000171e+01,9.923484365750917524e-01
1.892500000000000071e+01,9.984011307337066210e-01
1.892999999999999972e+01,9.977643921478253075e-01
1.893499999999999872e+01,9.912336311393177279e-01
1.894000000000000128e+01,9.857198456887652505e-01
1.894500000000000028e+01,9.866389676744018455e-01
1.894999999999999929e+01,9.925596112529893045e-01
1.895500000000000185e+01,9.970835356326950283e-01
1.896000000000000085e+01,9.956446850232381074e-01
1.896499999999999986e+01,9.900394300680150916e-01
1.896999999999999886e+01,9.857927698446815601e-01
1.897500000000000142e+01,9.859958394251864267e-01
1.898000000000000043e+01,9.883453698801438758e-01
1.898499999999999943e+01,9.877130431309071312e-01
1.899000000000000199e+01,9.815718046838581845e-01
1.899500000000000099e+01,9.727270674741990142e-01
1.900000000000000000e+01,9.667665749545242271e-01
1.900499999999999901e+01,9.676953845881381966e-01
1.901000000000000156e+01,9.754527651195629145e-01
1.901500000000000057e+01,9.860081230471438030e-01
1.901999999999999957e+01,9.937318357993528695e-01
1.902500000000000213e+01,9.948834930142470556e-01
1.903000000000000114e+01,9.901764008128534078e-01
1.903500000000000014e+01,9.844888337468985506e-01
1.903999999999999915e+01,9.832014715475523303e-01
1.904500000000000171e+01,9.876736085371002893e-01
1.905000000000000071e+01,9.937577129897767758e-01
1.905499999999999972e+01,9.951271668836968454e-01
1.905999999999999872e+01,9.894071887632405193e-01
1.906500000000000128e+01,9.813674716980568258e-01
1.907000000000000028e+01,9.788198901521956152e-01
1.907499999999999929e+01,9.847026584816632733e-01
1.908000000000000185e+01,9.934452358910568215e-01
1.908500000000000085e+01,9.956415588247764514e-01
1.908999999999999986e+01,9.874397807604571309e-01
1.909499999999999886e+01,9.754734982413242328e-01
1.910000000000000142e+01,9.710349831979138147e-01
1.910500000000000043e+01,9.787509524410158424e-01
1.910999999999999943e+01,9.912669175759244444e-01
1.911500000000000199e+01,9.952348515780531368e-01
1.912000000000000099e+01,9.839648894272876589e-01
1.912500000000000000e+01,9.652053123603799856e-01
1.912999999999999901e+01,9.550752340382853145e-01
1.913500000000000156e+01,9.631549394421689003e-01
1.914000000000000057e+01,9.825517126521198241e-01
1.914499999999999957e+01,9.933799204360795887e-01
1.915000000000000213e+01,9.784977886907668676e-01
1.915500000000000114e+01,9.407860646705359375e-01
1.916000000000000014e+01,9.056728391861008642e-01
1.916499999999999915e+01,9.026503850758855751e-01
1.917000000000000171e+01,9.389864882971982185e-01
1.917500000000000071e+01,9.841445999048175075e-01
1.917999999999999972e+01,9.735522221367193252e-01
1.918499999999999872e+01,8.477027612998890849e-01
1.919000000000000128e+01,6.258032603282915884e-01
1.919500000000000028e+01,4.234571652128377717e-01
1.919999999999999929e+01,3.351543748877655604e-01
1.920500000000000185e+01,3.376604640775550115e-01
1.921000000000000085e+01,3.778370416665857157e-01
1.921499999999999986e+01,4.733436363574750061e-01
1.921999999999999886e+01,6.502847457709783896e-01
1.922500000000000142e+01,8.473495496850484976e-01
1.923000000000000043e+01,9.678260421390277868e-01
1.923499999999999943e+01,9.900216298020410033e-01
1.924000000000000199e+01,9.642058780846063382e-01
1.924500000000000099e+01,9.427202868002636515e-01
1.925000000000000000e+01,9.454114823326089656e-01
1.925499999999999901e+01,9.642868787132993225e-01
1.926000000000000156e+01,9.826868389874735543e-01
1.926500000000000057e+01,9.915220406027367428e-01
1.926999999999999957e+01,9.913000660694676336e-01
1.927500000000000213e+01,9.865428044666049168e-01
1.928000000000000114e+01,9.820401372956972796e-01
1.928500000000000014e+01,9.813111865047495774e-01
1.928999999999999915e+01,9.857255412216991974e-01
1.929500000000000171e+01,9.929968392820065493e-01
1.930000000000000071e+01,9.973399625032408622e-01
1.930499999999999972e+01,9.945637715719717331e-01
1.930999999999999872e+01,9.873008013438772101e-01
1.931500000000000128e+01,9.832608506254066905e-01
1.932000000000000028e+01,9.874051475344860496e-01
1.932499999999999929e+01,9.958880975635442390e-01
1.933000000000000185e+01,9.992856618417256254e-01
1.933500000000000085e+01,9.931263031144523801e-01
1.933999999999999986e+01,9.837554591931794157e-01
1.934499999999999886e+01,9.818085336192114987e-01
1.935000000000000142e+01,9.899718598783343593e-01
1.935500000000000043e+01,9.988367465984554494e-01
1.935999999999999943e+01,9.968144293980352177e-01
1.936500000000000199e+01,9.841540721117030266e-01
1.937000000000000099e+01,9.742856963960059291e-01
1.937500000000000000e+01,9.790572836371249643e-01
1.937999999999999901e+01,9.936432753388211303e-01
1.938500000000000156e+01,9.991341031741924894e-01
1.939000000000000057e+01,9.830856615270771037e-01
1.939499999999999957e+01,9.569394297171258668e-01
1.940000000000000213e+01,9.480290036447394098e-01
1.940500000000000114e+01,9.696419162467280195e-01
1.941000000000000014e+01,9.976454692834472171e-01
1.941499999999999915e+01,9.802440920501916954e-01
1.942000000000000171e+01,8.803908057231486506e-01
1.942500000000000071e+01,7.158244781046324556e-01
1.942999999999999972e+01,5.561157846812923022e-01
1.943499999999999872e+01,4.776775618086819275e-01
1.944000000000000128e+01,5.161979755723764551e-01
1.944500000000000028e+01,6.482465429117397759e-01
1.944999999999999929e+01,8.086642955979468361e-01
1.945500000000000185e+01,9.322189983690500892e-01
1.946000000000000085e+01,9.908382861615856463e-01
1.946499999999999986e+01,9.988928480752199413e-01
1.946999999999999886e+01,9.888841670407915174e-01
1.947500000000000142e+01,9.841556143051244376e-01
1.948000000000000043e+01,9.890570175291787391e-01
1.948499999999999943e+01,9.964549508757354346e-01
1.949000000000000199e+01,9.998707401692760177e-01
1.949500000000000099e+01,9.990458564991880896e-01
1.950000000000000000e+01,9.974347330722277416e-01
1.950499999999999901e+01,9.974528559304505215e-01
1.951000000000000156e+01,9.987516846566950601e-01
1.951500000000000057e+01,9.998116132417581570e-01
1.951999999999999957e+01,9.999441658598251514e-01
1.952500000000000213e+01,9.996129999367525665e-01
1.953000000000000114e+01,9.994803296632924772e-01
1.953500000000000014e+01,9.996734086359011506e-01
1.953999999999999915e+01,9.999141132391617948e-01
1.954500000000000171e+01,9.999985478445961862e-01
1.955000000000000071e+01,9.999713457750970536e-01
1.955499999999999972e+01,9.999527534959536945e-01
1.955999999999999872e+01,9.999728675973226233e-01
1.956500000000000128e+01,9.999944756810603685e-01
1.957000000000000028e+01,9.999998954245742366e-01
1.957499999999999929e+01,9.999999476620200500e-01
1.958000000000000185e+01,9.999964573760544706e-01
1.958500000000000085e+01,9.999840755633131462e-01
1.958999999999999986e+01,9.999758224932593365e-01
1.959499999999999886e+01,9.999873836986222786e-01
1.960000000000000142e+01,9.999984429122502627e-01
1.960500000000000043e+01,9.999687300629834796e-01
1.960999999999999943e+01,9.999049403321129681e-01
1.961500000000000199e+01,9.998749409818122880e-01
1.962000000000000099e+01,9.999222123217672564e-01
1.962500000000000000e+01,9.999874638870891452e-01
1.962999999999999901e+01,9.999649326383213133e-01
1.963500000000000156e+01,9.998450690155129550e-01
1.964000000000000057e+01,9.997528795972170368e-01
1.964499999999999957e+01,9.998026450375134822e-01
1.965000000000000213e+01,9.999380298674198642e-01
1.965500000000000114e+01,9.999779862982713929e-01
1.966000000000000014e+01,9.998397623292638592e-01
1.966499999999999915e+01,9.996636405772646450e-01
1.967000000000000171e+01,9.996584674193715880e-01
1.967500000000000071e+01,9.998370996207504025e-01
1.967999999999999972e+01,9.999769313630788581e-01
1.968499999999999872e+01,9.998818210721960309e-01
1.969000000000000128e+01,9.996363809243541398e-01
1.969500000000000028e+01,9.995242073049638298e-01
1.969999999999999929e+01,9.996851303923808274e-01
1.970500000000000185e+01,9.999269764184900433e-01
1.971000000000000085e+01,9.999426751027826743e-01
1.971499999999999986e+01,9.996873284863014852e-01
1.971999999999999886e+01,9.994513750982696454e-01
1.972500000000000142e+01,9.995191189151054756e-01
1.973000000000000043e+01,9.998149701165448544e-01
1.973499999999999943e+01,9.999775705504881929e-01
1.974000000000000199e+01,9.997917878952704562e-01
1.974500000000000099e+01,9.994607130555956953e-01
1.975000000000000000e+01,9.993746891033739033e-01
1.975499999999999901e+01,9.996407204720687556e-01
1.976000000000000156e+01,9.999409019465452797e-01
1.976500000000000057e+01,9.999051414463318022e-01
1.976999999999999957e+01,9.995595423497445342e-01
1.977500000000000213e+01,9.993062430417871678e-01
1.978000000000000114e+01,9.994465757624665381e-01
1.978500000000000014e+01,9.998146573826589556e-01
1.978999999999999915e+01,9.999671641206571149e-01
1.979500000000000171e+01,9.997108381689785439e-01
1.980000000000000071e+01,9.993382469378293553e-01
1.980499999999999972e+01,9.992850765991512230e-01
1.980999999999999872e+01,9.996129339304580252e-01
1.981500000000000128e+01,9.999327074605872667e-01
1.982000000000000028e+01,9.998609252822191484e-01
1.982499999999999929e+01,9.994692591178561125e-01
1.983000000000000185e+01,9.991990827236469919e-01
1.983500000000000085e+01,9.993487205979143528e-01
1.983999999999999986e+01,9.997374507592495796e-01
1.984499999999999886e+01,9.999265421841986301e-01
1.985000000000000142e+01,9.997180871763526877e-01
1.985500000000000043e+01,9.993442383090130887e-01
1.985999999999999943e+01,9.991523759029297125e-01
1.986500000000000199e+01,9.991928327189237846e-01
1.987000000000000099e+01,9.992054176953907296e-01
1.987500000000000000e+01,9.990013381984713670e-01
1.987999999999999901e+01,9.987605288088967637e-01
1.988500000000000156e+01,9.988622871980736839e-01
1.989000000000000057e+01,9.993988474942260281e-01
1.989499999999999957e+01,9.998632853245129626e-01
1.990000000000000213e+01,9.993228631166125586e-01
1.990500000000000114e+01,9.969534052759060350e-01
1.991000000000000014e+01,9.925719163823143454e-01
1.991499999999999915e+01,9.869154943681242020e-01
1.992000000000000171e+01,9.815840513498008679e-01
1.992500000000000071e+01,9.785484646157988076e-01
1.992999999999999972e+01,9.792312566235779059e-01
1.993499999999999872e+01,9.835971673558980832e-01
1.994000000000000128e+01,9.899418393669265903e-01
1.994500000000000028e+01,9.957179134762483841e-01
1.994999999999999929e+01,9.989963805606844049e-01
1.995500000000000185e+01,9.995450743003412297e-01
1.996000000000000085e+01,9.986633684687120649e-01
1.996499999999999986e+01,9.979532529519482553e-01
1.996999999999999886e+01,9.981347511478841916e-01
1.997500000000000142e+01,9.988427920593982989e-01
1.998000000000000043e+01,9.993340645220056828e-01
1.998499999999999943e+01,9.992618489636073686e-01
1.999000000000000199e+01,9.988400306166809184e-01
1.999500000000000099e+01,9.984763938024383556e-01
2.000000000000000000e+01,9.984092978109238015e-01
